,locality
0,Malleswaram
1,Jeevanbhima Nagar
2,Others
3,Padmanabha Nagar
4,Katriguppe
5,Hosa Tippasandra
6,Wilson Garden
7,Vignananagar
8,Puttenahalli
9,BTM Layout
10,Jakkasandra
11,BTM Layout
12,Subramanyapura
13,Lal Bahadur Shastri Nagar
14,Kadugodi
15,Vimanapura
16,Adugodi
17,Shakambari Nagar
18,Lal Bahadur Shastri Nagar
19,Konena Agrahara Ward
20,JP Nagar
21,AGS Layout
22,Domlur
23,Bhuvaneshwari Nagar
24,Bellanduru
25,Hosa Tippasandra
26,Vrisabhavathi Nagar
27,Hanumantha Nagar
28,Vignananagar
29,Jayanagar
30,Koramangala
31,Kaggadasapura
32,Katriguppe
33,JP Nagar
34,Srinivasapura
35,Ejipura
36,Marathahalli
37,Hongasandra
38,Thyagaraja Nagar
39,Sunkenahalli Ward
40,Lakkasandra
41,Jayanagar
42,Jaraganahalli Ward
43,HAL Airport Ward
44,Udaya Nagar
45,Narayanapura
46,JP Nagar
47,JP Nagar
48,Thippasandra
49,Lal Bahadur Shastri Nagar
50,JP Nagar
51,Jayanagar
52,BTM Layout
53,BTM Layout
54,Bhuvaneshwari Nagar
55,Suddagunte Palya Ward
56,Malleshpalya
57,Narayanapura
58,Avalahalli
59,Others
60,Sriramamandir Ward
61,HAL Airport Ward
62,Bellanduru
63,Bhuvaneshwari Nagar
64,Girinagar
65,HSR Layout
66,Hosa Tippasandra
67,Kamakshi Palya
68,Bilekahalli
69,Marenahalli
70,BTM Layout
71,Katriguppe
72,Jnana Bharathi
73,Vidyapeeta ward
74,Banashankari
75,BTM Layout
76,Dodda Nekkundi
77,HSR Layout
78,Suddagunte Palya Ward
79,Munekolala
80,Hampi Nagar
81,Hosa Tippasandra
82,Sarvagna Nagar
83,Kamakshi Palya
84,Kadugodi
85,Sarakki
86,Hosakerehalli
87,HSR Layout
88,Lakkasandra
89,Basavanagudi
90,Rajarajeshwari Nagar
91,Lakkasandra
92,Avalahalli
93,HSR Layout
94,Kaggadasapura
95,Girinagar
96,Koramangala
97,Koramangala
98,Vishveshwara Puram
99,Banashankari
100,BTM Layout
101,Hagadur
102,Bellanduru
103,AECS Layout
104,Lal Bahadur Shastri Nagar
105,Others
106,Sarvagna Nagar
107,Hosa Tippasandra
108,Byrasandra Ward
109,Sampangiram Nagar Ward
110,HSR Layout
111,HAL Airport Ward
112,Maruthi Mandir ward
113,Lal Bahadur Shastri Nagar
114,Konena Agrahara Ward
115,Munekolala
116,Others
117,Koramangala
118,Kadugodi
119,Hosakerehalli
120,Sriramamandir Ward
121,BTM Layout
122,HSR Layout
123,HSR Layout
124,Adugodi
125,BTM Layout
126,Hampi Nagar
127,Jayanagar
128,HSR Layout
129,Narayanapura
130,Hoysala Nagara
131,Vignananagar
132,Katriguppe
133,Vijayanagar
134,Kottigepalya
135,BTM Layout
136,Karisandra Ward
137,HSR Layout
138,Kumaraswamy Layout
139,Byrasandra Ward
140,Vasanthpura Ward
141,Maruthi Seva Nagar
142,Jakkasandra
143,HSR Layout
144,Lal Bahadur Shastri Nagar
145,Bellanduru
146,Jogupalya
147,Shakambari Nagar
148,Gali Anjenaya Temple ward
149,Narayanapura
150,Girinagar
151,Hosa Tippasandra
152,Kumaraswamy Layout
153,Kaveri Layout
154,Girinagar
155,Hoysala Nagara
156,Others
157,Shankar Matt Ward
158,Bellanduru
159,Puttenahalli
160,Yelchenahalli Ward
161,Jnana Bharathi
162,Pantarapalya
163,Varthur
164,Basavanagudi
165,Banashankari
166,Nagarabhavi
167,Madiwala
168,Jayanagar
169,Sriramamandir Ward
170,Jakkasandra
171,Maruthi Mandir ward
172,Hagadur
173,Varthur
174,Kaveri Layout
175,BTM Layout
176,HAL Airport Ward
177,Kadugodi
178,Bellanduru
179,JP Nagar
180,JP Nagar
181,Others
182,Dodda Nekkundi
183,Bhuvaneshwari Nagar
184,Yelchenahalli Ward
185,Sriramamandir Ward
186,Vignananagar
187,Kadugodi
188,Madiwala
189,HSR Layout
190,Bellanduru
191,Hosa Tippasandra
192,Jnana Bharathi
193,Bommanahalli
194,VV Puram
195,Kaveri Layout
196,Hanumantha Nagar
197,Banashankari
198,Jaraganahalli Ward
199,Hagadur
200,GM Palya
201,Ejipura
202,Suddagunte Palya Ward
203,Suddagunte Palya Ward
204,Vidyapeeta ward
205,Haralur
206,Others
207,Koramangala
208,Others
209,Madiwala
210,Kumaraswamy Layout
211,Shivanagara
212,Nagarabhavi
213,Rajarajeshwari Nagar
214,Banashankari
215,JP Nagar
216,Others
217,Munekolala
218,JP Nagar
219,Hombegowda Nagara
220,Kadugodi
221,Jeevanbhima Nagar
222,Puttenahalli
223,Subramanyapura
224,Jogupalya
225,Jogupalya
226,Kaggadasapura
227,HSR Layout
228,Vignananagar
229,Hosa Tippasandra
230,Lal Bahadur Shastri Nagar
231,Chamarajpet
232,Adugodi
233,Agaram
234,Hoysala Nagara
235,Puttenahalli
236,Pattabhiram Nagar
237,Konena Agrahara Ward
238,Others
239,JP Nagar
240,Lal Bahadur Shastri Nagar
241,Thubarahalli
242,Vijayanagar
243,Katriguppe
244,Basaveshwaranagar
245,Kadugodi
246,BTM Layout
247,HSR Layout
248,Padmanabha Nagar
249,Nagarabhavi
250,Srinivasapura
251,Hosa Tippasandra
252,Kottigepalya
253,Bilekahalli
254,Sampangiram Nagar Ward
255,Halasuru
256,Hagadur
257,Vignananagar
258,Frazer Town
259,Others
260,Koramangala
261,Dodda Nekkundi
262,Marathahalli
263,Udaya Nagar
264,Rajarajeshwari Nagar
265,Jakkasandra
266,Others
267,Suddagunte Palya Ward
268,Kadugodi
269,Hemmigepura
270,BTM Layout
271,Subramanyapura
272,Bommanahalli
273,Katriguppe
274,Bhuvaneshwari Nagar
275,Marenahalli
276,Jakkasandra
277,Rajarajeshwari Nagar
278,Rajajinagar
279,Rajarajeshwari Nagar
280,BCC Layout
281,Narayanapura
282,Munekolala
283,HSR Layout
284,Frazer Town
285,Jayanagar
286,Bellanduru
287,C V Raman Nagar
288,Maruthi Seva Nagar
289,Puttenahalli
290,Kumaraswamy Layout
291,Bilekahalli
292,Jakkasandra
293,HSR Layout
294,Jogupalya
295,HSR Layout
296,Dattatreya Temple Ward
297,Hosakerehalli
298,BTM Layout
299,Vishveshwara Puram
300,Others
301,Rajarajeshwari Nagar
302,Govindaraj Nagar
303,Ittamadu
304,Haralur
305,Vignananagar
306,Shankar Matt Ward
307,Attiguppe
308,Varthur
309,Bommanahalli
310,Rajarajeshwari Nagar
311,HSR Layout
312,Others
313,Basavanagudi
314,Jnana Bharathi
315,Maruthi Seva Nagar
316,ISRO Layout
317,Suddagunte Palya Ward
318,Girinagar
319,Cox Town
320,Basavanagudi
321,Bommanahalli
322,Chamarajpet
323,BTM Layout
324,Banashankari
325,Mangammanapalya
326,Kadugodi
327,Deepanjali Nagar
328,Basavanagudi
329,Ejipura
330,Koramangala
331,AGS Layout
332,Udaya Nagar
333,Others
334,HSR Layout
335,BTM Layout
336,Malagala
337,Bilekahalli
338,Attiguppe
339,Others
340,Katriguppe
341,Adugodi
342,Koramangala
343,Shakthi Ganapathi Nagar Ward
344,Hemmigepura
345,Attiguppe
346,Kaveri Layout
347,Girinagar
348,Yelchenahalli Ward
349,Others
350,Nagarabhavi
351,Rajarajeshwari Nagar
352,BTM Layout
353,Panathur
354,BTM Layout
355,Vignananagar
356,Koramangala
357,Lal Bahadur Shastri Nagar
358,Shakambari Nagar
359,Banashankari
360,HSR Layout
361,BTM Layout
362,Avalahalli
363,Madiwala
364,Jayanagar
365,Domlur
366,HAL Airport Ward
367,Shakambari Nagar
368,Banashankari
369,Others
370,Jaraganahalli Ward
371,Varthur
372,Hoysala Nagara
373,Banashankari
374,Adugodi
375,Chikkalasandra
376,Kaadubeesanahalli
377,Vignananagar
378,Vijayanagar
379,Jeevanbhima Nagar
380,Kaveri Layout
381,Sunkenahalli Ward
382,Suddagunte Palya Ward
383,Hemmigepura
384,AGS Layout
385,Gurappanapalya Ward
386,Ejipura
387,Devarabeesanahalli
388,Koramangala
389,Maruthi Mandir ward
390,Others
391,AGS Layout
392,Cox Town
393,Banashankari
394,BTM Layout
395,Padmanabha Nagar
396,HSR Layout
397,Malagala
398,Jakkasandra
399,Narayanapura
400,Shanthala Nagar
401,Others
402,BCC Layout
403,Udaya Nagar
404,Vijayanagar
405,Domlur
406,Chamarajpet
407,Dodda Nekkundi
408,Devasandra
409,Nagarabhavi
410,Sampangiram Nagar Ward
411,Varthur
412,Hongasandra
413,HSR Layout
414,Domlur
415,Jakkasandra
416,Srinagar
417,Bilekahalli
418,Gurappanapalya Ward
419,Hoodi
420,Ramagondanahalli
421,Others
422,Narayanapura
423,Jakkasandra
424,Mangammanapalya
425,Sudhama Nagara
426,Nagarabhavi
427,Madiwala
428,Jayanagar
429,Marenahalli
430,Madiwala
431,Munekolala
432,Karisandra Ward
433,Sarvagna Nagar
434,Jayanagar
435,Banashankari
436,Banashankari
437,Shakthi Ganapathi Nagar Ward
438,Jayanagar
439,Kumaraswamy Layout
440,AGS Layout
441,Attiguppe
442,JP Nagar
443,Kaggadasapura
444,Ejipura
445,Nagarabhavi
446,Dodda Nekkundi
447,Dodda Nekkundi
448,Lal Bahadur Shastri Nagar
449,Rajajinagar
450,Kadugodi
451,Munekolala
452,Hombegowda Nagara
453,Jogupalya
454,Rajarajeshwari Nagar
455,Others
456,Bellanduru
457,Mahadevapura
458,HAL Airport Ward
459,Hagadur
460,Koramangala
461,Hagadur
462,Marenahalli
463,Jakkasandra
464,Vrisabhavathi Nagar
465,Garudachara Palya
466,Bhuvaneshwari Nagar
467,Maruthi Mandir ward
468,HSR Layout
469,Ejipura
470,BTM Layout
471,Lal Bahadur Shastri Nagar
472,Nayandahalli Ward
473,AGS Layout
474,Mangammanapalya
475,Madiwala
476,BTM Layout
477,Frazer Town
478,Basavanagudi
479,Nagarabhavi
480,Koramangala
481,BTM Layout
482,AECS Layout
483,Haralur
484,HSR Layout
485,BTM Layout
486,Domlur
487,HSR Layout
488,Bhuvaneshwari Nagar
489,HSR Layout
490,JP Nagar
491,Udaya Nagar
492,Jayanagar
493,Kadugodi
494,Pattabhiram Nagar
495,Jayanagar
496,Dodda Nekkundi
497,Bhuvaneshwari Nagar
498,Srinagar
499,Bellanduru
500,Others
501,Jaraganahalli Ward
502,Pattabhiram Nagar
503,Madiwala
504,Sriramamandir Ward
505,Sunkenahalli Ward
506,Banashankari
507,Halasuru
508,Hagadur
509,BTM Layout
510,Girinagar
511,HAL Airport Ward
512,Konena Agrahara Ward
513,Banashankari
514,Udaya Nagar
515,Bommanahalli
516,Munekolala
517,BCC Layout
518,Ambalipura
519,Jakkasandra
520,Banashankari
521,Dodda Nekkundi
522,Maruthi Mandir ward
523,Bommanahalli
524,Marathahalli
525,BTM Layout
526,Hemmigepura
527,Jaraganahalli Ward
528,Kamakshi Palya
529,JP Nagar
530,Hagadur
531,Lakkasandra
532,JP Nagar
533,Hagadur
534,Others
535,Hosakerehalli
536,BTM Layout
537,Jayanagar
538,Basaveshwaranagar
539,Yelchenahalli Ward
540,Yelchenahalli Ward
541,Jnana Bharathi
542,BTM Layout
543,Others
544,Others
545,Shakambari Nagar
546,Banashankari
547,Hosakerehalli
548,Kaveri Layout
549,Kadugodi
550,Sampangiram Nagar Ward
551,Hosahalli
552,Jaraganahalli Ward
553,Ejipura
554,Yelchenahalli Ward
555,Jakkasandra
556,Avalahalli
557,Others
558,Vidyapeeta ward
559,Kundalahalli
560,Thyagaraja Nagar
561,Girinagar
562,Kumaraswamy Layout
563,Rajarajeshwari Nagar
564,Basavanagudi
565,Hanumantha Nagar
566,Kadugodi
567,Agaram
568,Lakkasandra
569,JP Nagar
570,AGS Layout
571,Mangammanapalya
572,Srinagar
573,JP Nagar
574,Rajajinagar
575,Varthur
576,Sriramamandir Ward
577,Prakash Nagar Ward
578,Suddagunte Palya Ward
579,Govindaraj Nagar
580,Udaya Nagar
581,Others
582,Bellanduru
583,Bellanduru
584,Hosakerehalli
585,HSR Layout
586,Basavanagudi
587,Jnana Bharathi
588,Vignananagar
589,Bhuvaneshwari Nagar
590,Yelchenahalli Ward
591,Others
592,BTM Layout
593,Ejipura
594,Marenahalli
595,Ejipura
596,Basaveshwaranagar
597,Govindaraj Nagar
598,BTM Layout
599,Madiwala
600,Rajarajeshwari Nagar
601,BTM Layout
602,Marathahalli
603,Kadugodi
604,Gurappanapalya Ward
605,Narayanapura
606,Rajajinagar
607,Jayanagar
608,C V Raman Nagar
609,Suddagunte Palya Ward
610,Konena Agrahara Ward
611,Suddagunte Palya Ward
612,Marenahalli
613,Vignananagar
614,Byrasandra Ward
615,Bilekahalli
616,Marathahalli
617,Jogupalya
618,Munekolala
619,Konena Agrahara Ward
620,HAL Airport Ward
621,Hagadur
622,Banashankari
623,Gurappanapalya Ward
624,HSR Layout
625,Others
626,Udaya Nagar
627,Rajarajeshwari Nagar
628,Others
629,Gurappanapalya Ward
630,Hosa Tippasandra
631,Hanumantha Nagar
632,Suddagunte Palya Ward
633,Basavanagudi
634,Brookefields
635,Vidyapeeta ward
636,Basavanagudi
637,HSR Layout
638,Padmanabha Nagar
639,Lal Bahadur Shastri Nagar
640,Devasandra
641,Jogupalya
642,Kaggadasapura
643,Dattatreya Temple Ward
644,Byrasandra Ward
645,Ejipura
646,Others
647,Banashankari
648,Nagarabhavi
649,Sudhama Nagara
650,JP Nagar
651,Basavanagudi
652,HSR Layout
653,Srinagar
654,Hanumantha Nagar
655,HSR Layout
656,Jakkasandra
657,Vasanth Nagar
658,Kaggadasapura
659,Jakkasandra
660,Hosa Tippasandra
661,Puttenahalli
662,Basavanagudi
663,Jogupalya
664,BTM Layout
665,Jnana Bharathi
666,Hanumantha Nagar
667,Ittamadu
668,Yediyur Ward
669,Hagadur
670,Kumaraswamy Layout
671,Rajarajeshwari Nagar
672,Srinivasapura
673,Jeevanbhima Nagar
674,Yediyur Ward
675,Sunkenahalli Ward
676,Jeevanbhima Nagar
677,Mangammanapalya
678,Bhuvaneshwari Nagar
679,Ejipura
680,Hagadur
681,Jakkasandra
682,Yelchenahalli Ward
683,Pattabhiram Nagar
684,Kadugodi
685,Jayanagar
686,Gayatri Nagar
687,Girinagar
688,Chikkalasandra
689,Suddagunte Palya Ward
690,Koramangala
691,Vishveshwara Puram
692,Haralur
693,Maruthi Mandir ward
694,Madiwala
695,Ejipura
696,Hemmigepura
697,Kumaraswamy Layout
698,Narayanapura
699,JP Nagar
700,Subramanyapura
701,Konena Agrahara Ward
702,Kaggadasapura
703,HAL Airport Ward
704,Marathahalli
705,BTM Layout
706,BTM Layout
707,AGS Layout
708,Hagadur
709,Madiwala
710,Basaveshwaranagar
711,Varthur
712,Hosa Tippasandra
713,Ejipura
714,Rajarajeshwari Nagar
715,Ejipura
716,Kodihalli
717,Basavanagudi
718,Kadugodi
719,BTM Layout
720,Madiwala
721,Koramangala
722,Hampi Nagar
723,Jakkasandra
724,Marathahalli
725,Narayanapura
726,Sriramamandir Ward
727,Hagadur
728,Vijayanagar
729,Vignananagar
730,Bhuvaneshwari Nagar
731,JP Nagar
732,Basavanagudi
733,JP Nagar
734,Shankar Matt Ward
735,Madiwala
736,Garudachara Palya
737,BTM Layout
738,Pattabhiram Nagar
739,JP Nagar
740,HAL Airport Ward
741,Rajarajeshwari Nagar
742,Shakambari Nagar
743,Mahadevapura
744,Hampi Nagar
745,JP Nagar
746,Others
747,Koramangala
748,Frazer Town
749,Rajarajeshwari Nagar
750,Hosa Tippasandra
751,Others
752,Ramagondanahalli
753,JP Nagar
754,Ramagondanahalli
755,BTM Layout
756,Marathahalli
757,Vasanth Nagar
758,Jaraganahalli Ward
759,HSR Layout
760,Kaadubeesanahalli
761,Chikkalasandra
762,Ejipura
763,HSR Layout
764,Others
765,JP Nagar
766,HSR Layout
767,Thippasandra
768,Thubarahalli
769,Adugodi
770,Others
771,Others
772,Srinivasapura
773,Marenahalli
774,Madiwala
775,HSR Layout
776,AGS Layout
777,Ramagondanahalli
778,Banashankari
779,Hombegowda Nagara
780,Hagadur
781,Bhuvaneshwari Nagar
782,Bellanduru
783,Ejipura
784,Katriguppe
785,Maruthi Seva Nagar
786,Bilekahalli
787,Cox Town
788,Suddagunte Palya Ward
789,Bellanduru
790,Madiwala
791,Kodihalli
792,Madiwala
793,Hagadur
794,Shakthi Ganapathi Nagar Ward
795,Hongasandra
796,Koramangala
797,Shanthala Nagar
798,Others
799,C V Raman Nagar
800,Domlur
801,Banashankari
802,JP Nagar
803,Vrisabhavathi Nagar
804,BTM Layout
805,Dodda Nekkundi
806,HAL Airport Ward
807,Lakkasandra
808,Rajarajeshwari Nagar
809,Bilekahalli
810,Shanthala Nagar
811,Kodihalli
812,Haralur
813,Vignananagar
814,Kaggadasapura
815,Others
816,Kadugodi
817,Haralur
818,Bellanduru
819,Jogupalya
820,Avalahalli
821,Basaveshwaranagar
822,Mahadevapura
823,Madiwala
824,Agaram
825,JP Nagar
826,BTM Layout
827,Deepanjali Nagar
828,Konena Agrahara Ward
829,Jayanagar
830,BTM Layout
831,Hoysala Nagara
832,Jeevanbhima Nagar
833,BTM Layout
834,Kumaraswamy Layout
835,HSR Layout
836,Lakkasandra
837,BTM Layout
838,Hongasandra
839,Rajarajeshwari Nagar
840,BTM Layout
841,Lakkasandra
842,Banashankari
843,Wilson Garden
844,Malleshpalya
845,Rajajinagar
846,Banashankari
847,HAL Airport Ward
848,BTM Layout
849,Yelchenahalli Ward
850,Basavanagudi
851,BCC Layout
852,Kadugodi
853,Adugodi
854,Rajarajeshwari Nagar
855,Banashankari
856,Hemmigepura
857,Others
858,JP Nagar
859,Suddagunte Palya Ward
860,Hosakerehalli
861,Banashankari
862,Hampi Nagar
863,Varthur
864,Jakkasandra
865,Koramangala
866,Hosa Tippasandra
867,Rajarajeshwari Nagar
868,Hemmigepura
869,Dodda Nekkundi
870,Madiwala
871,Kumaraswamy Layout
872,Deepanjali Nagar
873,Kaveri Layout
874,Madiwala
875,Shakthi Ganapathi Nagar Ward
876,Sarakki
877,Dodda Nekkundi
878,HSR Layout
879,Chikkalasandra
880,ISRO Layout
881,Sriramamandir Ward
882,Maruthi Mandir ward
883,Kamakshi Palya
884,Maruthi Mandir ward
885,BCC Layout
886,Varthur
887,Sarakki
888,Hoysala Nagara
889,Hosa Tippasandra
890,Rajarajeshwari Nagar
891,Pattabhiram Nagar
892,Hemmigepura
893,Chikkalasandra
894,Lal Bahadur Shastri Nagar
895,Hemmigepura
896,Maruthi Mandir ward
897,Madiwala
898,Sarakki
899,Haralur
900,Banashankari
901,Munekolala
902,Hosakerehalli
903,Kaggadasapura
904,Nayandahalli Ward
905,Marathahalli
906,Bellanduru
907,Hoysala Nagara
908,Kumaraswamy Layout
909,Basavanagudi
910,Garudachara Palya
911,Kumaraswamy Layout
912,Dodda Nekkundi
913,JP Nagar
914,Jayanagar
915,Koramangala
916,Others
917,Haralur
918,Jakkasandra
919,Vidyapeeta ward
920,Wilson Garden
921,Suddagunte Palya Ward
922,Deepanjali Nagar
923,Marathahalli
924,Hosa Tippasandra
925,Jayanagar
926,Gayatri Nagar
927,HSR Layout
928,Ramagondanahalli
929,Kaggadasapura
930,Prakash Nagar Ward
931,BTM Layout
932,Mangammanapalya
933,Munekolala
934,Varthur
935,Wilson Garden
936,Vishveshwara Puram
937,Kumaraswamy Layout
938,BTM Layout
939,Sampangiram Nagar Ward
940,Hosakerehalli
941,Others
942,Marenahalli
943,Dattatreya Temple Ward
944,Marenahalli
945,Basaveshwaranagar
946,Govindaraj Nagar
947,Bommanahalli
948,Wilson Garden
949,HSR Layout
950,Suddagunte Palya Ward
951,Suddagunte Palya Ward
952,Prakash Nagar Ward
953,Jaraganahalli Ward
954,Agaram
955,Adugodi
956,Varthur
957,Lakkasandra
958,BTM Layout
959,Madiwala
960,Kaggadasapura
961,Munekolala
962,Attiguppe
963,Srinagar
964,Madiwala
965,Jeevanbhima Nagar
966,Vishveshwara Puram
967,Madiwala
968,Govindaraj Nagar
969,Shivanagara
970,Bellanduru
971,HSR Layout
972,Adugodi
973,Kottigepalya
974,Hosa Tippasandra
975,Banashankari
976,Maruthi Seva Nagar
977,Kaggadasapura
978,Jakkasandra
979,Jakkasandra
980,Chikkalasandra
981,Sudhama Nagara
982,Varthur
983,Ejipura
984,Vannarpetai
985,Jakkasandra
986,Jogupalya
987,Pattabhiram Nagar
988,Marathahalli
989,Dattatreya Temple Ward
990,Jayanagar
991,Rajarajeshwari Nagar
992,Rajarajeshwari Nagar
993,Sarakki
994,Ramagondanahalli
995,Gayatri Nagar
996,Jakkasandra
997,Benniganahalli Ward
998,Munekolala
999,Hagadur
1000,Chikkalasandra
1001,Dodda Nekkundi
1002,Bommanahalli
1003,Bhuvaneshwari Nagar
1004,Suddagunte Palya Ward
1005,Banashankari
1006,Ejipura
1007,Banashankari
1008,GM Palya
1009,Hoysala Nagara
1010,HSR Layout
1011,Vignananagar
1012,HSR Layout
1013,Kottigepalya
1014,Rajarajeshwari Nagar
1015,Vimanapura
1016,Hosakerehalli
1017,Srinagar
1018,Jnana Bharathi
1019,Hagadur
1020,Mahadevapura
1021,Bellanduru
1022,Hagadur
1023,Deepanjali Nagar
1024,Jeevanbhima Nagar
1025,Marathahalli
1026,Koramangala
1027,Marenahalli
1028,Banashankari
1029,HSR Layout
1030,HSR Layout
1031,Koramangala
1032,Kumaraswamy Layout
1033,Dodda Nekkundi
1034,Hampi Nagar
1035,Yemaluru
1036,Varthur
1037,Konena Agrahara Ward
1038,Jakkasandra
1039,Marenahalli
1040,Madiwala
1041,Domlur
1042,Jayanagar
1043,Devarabeesanahalli
1044,Konena Agrahara Ward
1045,HSR Layout
1046,HSR Layout
1047,Ejipura
1048,Jayanagar
1049,Bellanduru
1050,HAL Airport Ward
1051,Basavanagudi
1052,Hoysala Nagara
1053,Kaggadasapura
1054,Karisandra Ward
1055,Rajarajeshwari Nagar
1056,Banashankari
1057,Jaraganahalli Ward
1058,Madiwala
1059,Hoysala Nagara
1060,Kamakshi Palya
1061,Ejipura
1062,Bellanduru
1063,Lal Bahadur Shastri Nagar
1064,Vidyapeeta ward
1065,Thyagaraja Nagar
1066,Dodda Nekkundi
1067,Shakthi Ganapathi Nagar Ward
1068,Koramangala
1069,BTM Layout
1070,Cox Town
1071,Konena Agrahara Ward
1072,Rajarajeshwari Nagar
1073,Dodda Nekkundi
1074,Konena Agrahara Ward
1075,Madiwala
1076,Shakambari Nagar
1077,Yelchenahalli Ward
1078,Sunkenahalli Ward
1079,Sriramamandir Ward
1080,Bommanahalli
1081,Adugodi
1082,Munekolala
1083,Chikkalasandra
1084,BTM Layout
1085,Hoysala Nagara
1086,Bellanduru
1087,Vasanth Nagar
1088,Lal Bahadur Shastri Nagar
1089,Ittamadu
1090,Pattabhiram Nagar
1091,Dodda Nekkundi
1092,Koramangala
1093,Ejipura
1094,Adugodi
1095,Varthur
1096,HSR Layout
1097,Hosa Tippasandra
1098,BTM Layout
1099,AGS Layout
1100,Vasanth Nagar
1101,Dodda Nekkundi
1102,Munekolala
1103,Varthur
1104,Kaggadasapura
1105,Jogupalya
1106,Others
1107,AECS Layout
1108,Sriramamandir Ward
1109,Hosa Tippasandra
1110,Suddagunte Palya Ward
1111,Malleswaram
1112,Others
1113,Hombegowda Nagara
1114,Others
1115,JP Nagar
1116,Sarakki
1117,Ambalipura
1118,Srinagar
1119,Bellanduru
1120,JP Nagar
1121,Madiwala
1122,Vishveshwara Puram
1123,Bommanahalli
1124,Shanthi Nagar
1125,Hombegowda Nagara
1126,Lal Bahadur Shastri Nagar
1127,Gayatri Nagar
1128,Hosakerehalli
1129,Katriguppe
1130,Marenahalli
1131,Vignananagar
1132,Vannarpetai
1133,Srinagar
1134,Bhuvaneshwari Nagar
1135,Dattatreya Temple Ward
1136,Srinagar
1137,BTM Layout
1138,Others
1139,Jeevanbhima Nagar
1140,Kumaraswamy Layout
1141,Marathahalli
1142,Others
1143,Rajajinagar
1144,Narayanapura
1145,Jayanagar
1146,Deepanjali Nagar
1147,Shanthi Nagar
1148,Others
1149,Hagadur
1150,Mangammanapalya
1151,HSR Layout
1152,Srinivasapura
1153,Kaggadasapura
1154,Lal Bahadur Shastri Nagar
1155,AECS Layout
1156,Maruthi Seva Nagar
1157,Jakkasandra
1158,Munekolala
1159,Jnana Bharathi
1160,Marathahalli
1161,Kaggadasapura
1162,Halasuru
1163,Chamarajpet
1164,Konena Agrahara Ward
1165,Bommanahalli
1166,Maruthi Seva Nagar
1167,Ejipura
1168,Pattabhiram Nagar
1169,BTM Layout
1170,Mahadevapura
1171,Gayatri Nagar
1172,HSR Layout
1173,GM Palya
1174,Hoodi
1175,Halasuru
1176,ISRO Layout
1177,Banashankari
1178,Hombegowda Nagara
1179,Puttenahalli
1180,HSR Layout
1181,Shanthala Nagar
1182,Madiwala
1183,Bommanahalli
1184,Varthur
1185,Kottigepalya
1186,Udaya Nagar
1187,Basavanagudi
1188,Jakkasandra
1189,HAL Airport Ward
1190,Ejipura
1191,Madiwala
1192,Rajarajeshwari Nagar
1193,Marathahalli
1194,Vignananagar
1195,Maruthi Mandir ward
1196,Rajarajeshwari Nagar
1197,Sriramamandir Ward
1198,Vijayanagar
1199,Madiwala
1200,Madiwala
1201,Kaggadasapura
1202,Bommanahalli
1203,Konena Agrahara Ward
1204,Domlur
1205,Rajajinagar
1206,Basavanagudi
1207,Gurappanapalya Ward
1208,Devasandra
1209,Dattatreya Temple Ward
1210,Vignananagar
1211,Madiwala
1212,Hongasandra
1213,Jogupalya
1214,Yemaluru
1215,Hosahalli
1216,Jaraganahalli Ward
1217,Madiwala
1218,BTM Layout
1219,Shivanagara
1220,Jeevanbhima Nagar
1221,Koramangala
1222,Koramangala
1223,HSR Layout
1224,Narayanapura
1225,Bellanduru
1226,Bilekahalli
1227,Bellanduru
1228,Hosa Tippasandra
1229,Jnana Bharathi
1230,Udaya Nagar
1231,Bhuvaneshwari Nagar
1232,Pattabhiram Nagar
1233,Halasuru
1234,Gayatri Nagar
1235,Sarakki
1236,Others
1237,HAL Airport Ward
1238,BTM Layout
1239,Lakkasandra
1240,Deepanjali Nagar
1241,Dodda Nekkundi
1242,Kadugodi
1243,Vannarpetai
1244,Varthur
1245,Srinivasapura
1246,AGS Layout
1247,Kadugodi
1248,Sarakki
1249,Bhuvaneshwari Nagar
1250,Ittamadu
1251,Kodihalli
1252,HSR Layout
1253,Adugodi
1254,Hosa Tippasandra
1255,Agaram
1256,Adugodi
1257,Adugodi
1258,Koramangala
1259,Nagarabhavi
1260,JP Nagar
1261,Shanthi Nagar
1262,Hosa Tippasandra
1263,Suddagunte Palya Ward
1264,Basavanagudi
1265,Haralur
1266,Sarakki
1267,Cleveland Town
1268,Chikkalasandra
1269,Jaraganahalli Ward
1270,Kadugodi
1271,Shakambari Nagar
1272,Benniganahalli Ward
1273,Brookefields
1274,Dattatreya Temple Ward
1275,Bhuvaneshwari Nagar
1276,Jakkasandra
1277,HAL Airport Ward
1278,Varthur
1279,Bellanduru
1280,Katriguppe
1281,Kamakshi Palya
1282,Hongasandra
1283,AGS Layout
1284,Bommanahalli
1285,Deepanjali Nagar
1286,HAL Airport Ward
1287,Dodda Nekkundi
1288,BTM Layout
1289,Mangammanapalya
1290,Bommanahalli
1291,Bhuvaneshwari Nagar
1292,Frazer Town
1293,Panathur
1294,Varthur
1295,Konena Agrahara Ward
1296,JP Nagar
1297,BTM Layout
1298,HAL Airport Ward
1299,Konena Agrahara Ward
1300,HSR Layout
1301,Haralur
1302,Varthur
1303,Yelchenahalli Ward
1304,Vishveshwara Puram
1305,Madiwala
1306,Ejipura
1307,Kumaraswamy Layout
1308,Garudachara Palya
1309,Dodda Nekkundi
1310,Kaggadasapura
1311,HSR Layout
1312,Govindaraj Nagar
1313,Vignananagar
1314,Bellanduru
1315,Vishveshwara Puram
1316,Banashankari
1317,Shankar Matt Ward
1318,Mangammanapalya
1319,Kaveri Layout
1320,Suddagunte Palya Ward
1321,Mangammanapalya
1322,Hemmigepura
1323,Suddagunte Palya Ward
1324,Basavanagudi
1325,Sriramamandir Ward
1326,Kaveri Layout
1327,Rajarajeshwari Nagar
1328,Srinivasapura
1329,Panathur
1330,C V Raman Nagar
1331,Hemmigepura
1332,JP Nagar
1333,Puttenahalli
1334,Basaveshwaranagar
1335,Varthur
1336,Dodda Nekkundi
1337,Adugodi
1338,Cleveland Town
1339,Haralur
1340,Pantarapalya
1341,Katriguppe
1342,Yelchenahalli Ward
1343,Adugodi
1344,Sudhama Nagara
1345,Dodda Nekkundi
1346,Kaggadasapura
1347,BTM Layout
1348,Attiguppe
1349,HSR Layout
1350,Nagarabhavi
1351,Lakkasandra
1352,Kumaraswamy Layout
1353,Mangammanapalya
1354,Prakash Nagar Ward
1355,Marenahalli
1356,Banashankari
1357,Marathahalli
1358,Nagarabhavi
1359,Bommanahalli
1360,Hanumantha Nagar
1361,HSR Layout
1362,Vasanth Nagar
1363,Vignananagar
1364,Basavanagudi
1365,Banashankari
1366,Shakambari Nagar
1367,Thyagaraja Nagar
1368,Konena Agrahara Ward
1369,Rajarajeshwari Nagar
1370,Vrisabhavathi Nagar
1371,JP Nagar
1372,BTM Layout
1373,JP Nagar
1374,Hosa Tippasandra
1375,Lakkasandra
1376,Domlur
1377,HSR Layout
1378,Hosakerehalli
1379,Pattabhiram Nagar
1380,Marathahalli
1381,Gurappanapalya Ward
1382,Domlur
1383,Sunkenahalli Ward
1384,Vimanapura
1385,Hanumantha Nagar
1386,Prakash Nagar Ward
1387,Sarakki
1388,Kumaraswamy Layout
1389,Katriguppe
1390,Basaveshwaranagar
1391,Hosakerehalli
1392,HSR Layout
1393,Hagadur
1394,Vignananagar
1395,Basaveshwaranagar
1396,Rajajinagar
1397,Dattatreya Temple Ward
1398,Sarvagna Nagar
1399,HSR Layout
1400,Gali Anjenaya Temple ward
1401,Munekolala
1402,Others
1403,Banashankari
1404,Hombegowda Nagara
1405,Koramangala
1406,Kadugodi
1407,Munekolala
1408,Rajarajeshwari Nagar
1409,HSR Layout
1410,Girinagar
1411,Hoysala Nagara
1412,Sriramamandir Ward
1413,Hosakerehalli
1414,Jnana Bharathi
1415,Jnana Bharathi
1416,Others
1417,JP Nagar
1418,Shanthala Nagar
1419,Govindaraj Nagar
1420,Jnana Bharathi
1421,Rajajinagar
1422,BTM Layout
1423,Garudachara Palya
1424,BTM Layout
1425,Konena Agrahara Ward
1426,Konena Agrahara Ward
1427,Hanumantha Nagar
1428,Jayanagar
1429,HSR Layout
1430,Pattabhiram Nagar
1431,Konena Agrahara Ward
1432,Hemmigepura
1433,HSR Layout
1434,Rajarajeshwari Nagar
1435,Varthur
1436,Domlur
1437,HSR Layout
1438,Yediyur Ward
1439,Shakambari Nagar
1440,Others
1441,AGS Layout
1442,Jayanagar
1443,Madiwala
1444,Munekolala
1445,Govindaraj Nagar
1446,Jayanagar
1447,Bellanduru
1448,BTM Layout
1449,Hosahalli
1450,Lal Bahadur Shastri Nagar
1451,Marathahalli
1452,Hongasandra
1453,Hagadur
1454,Others
1455,Madiwala
1456,BTM Layout
1457,Jaraganahalli Ward
1458,Shakthi Ganapathi Nagar Ward
1459,Lal Bahadur Shastri Nagar
1460,Sarvagna Nagar
1461,Suddagunte Palya Ward
1462,Halasuru
1463,Others
1464,Jogupalya
1465,AGS Layout
1466,Dodda Nekkundi
1467,Dodda Nekkundi
1468,Puttenahalli
1469,Katriguppe
1470,Kadugodi
1471,Varthur
1472,Malleshpalya
1473,Ejipura
1474,Ejipura
1475,Hosahalli
1476,Yediyur Ward
1477,Ejipura
1478,Hampi Nagar
1479,Domlur
1480,Sriramamandir Ward
1481,Hoysala Nagara
1482,Ejipura
1483,Kaveri Layout
1484,Padmanabha Nagar
1485,Haralur
1486,Narayanapura
1487,Udaya Nagar
1488,Bellanduru
1489,Rajarajeshwari Nagar
1490,Mangammanapalya
1491,Lakkasandra
1492,Lakkasandra
1493,Maruthi Seva Nagar
1494,AGS Layout
1495,Srinagar
1496,Hosakerehalli
1497,Bhuvaneshwari Nagar
1498,HSR Layout
1499,Karisandra Ward
1500,HSR Layout
1501,Hoysala Nagara
1502,BTM Layout
1503,Attiguppe
1504,Nagarabhavi
1505,Malleswaram
1506,Dodda Nekkundi
1507,Shanthi Nagar
1508,Padmanabha Nagar
1509,Jnana Bharathi
1510,Haralur
1511,BTM Layout
1512,Others
1513,Madiwala
1514,Dodda Nekkundi
1515,Ejipura
1516,Adugodi
1517,Srinagar
1518,Rajarajeshwari Nagar
1519,Vijayanagar
1520,Banashankari
1521,Kumaraswamy Layout
1522,JP Nagar
1523,Suddagunte Palya Ward
1524,Bellanduru
1525,Kumaraswamy Layout
1526,Banashankari
1527,Jakkasandra
1528,Maruthi Mandir ward
1529,Jakkasandra
1530,Varthur
1531,Gayatri Nagar
1532,Suddagunte Palya Ward
1533,Ejipura
1534,Others
1535,JP Nagar
1536,Banashankari
1537,Konena Agrahara Ward
1538,Rajarajeshwari Nagar
1539,Vidyapeeta ward
1540,Koramangala
1541,Vignananagar
1542,JP Nagar
1543,Vannarpetai
1544,Agaram
1545,Domlur
1546,Varthur
1547,Hongasandra
1548,Dodda Nekkundi
1549,Madiwala
1550,Malagala
1551,Konena Agrahara Ward
1552,Basavanagudi
1553,Wilson Garden
1554,JP Nagar
1555,Srinagar
1556,Vidyapeeta ward
1557,Shakambari Nagar
1558,Ejipura
1559,HSR Layout
1560,Malagala
1561,Kumaraswamy Layout
1562,Hosakerehalli
1563,Yediyur Ward
1564,Yelchenahalli Ward
1565,Madiwala
1566,Vijayanagar
1567,Dodda Nekkundi
1568,Others
1569,HSR Layout
1570,AGS Layout
1571,Rajajinagar
1572,Kumaraswamy Layout
1573,Bhuvaneshwari Nagar
1574,Gurappanapalya Ward
1575,Domlur
1576,Dodda Nekkundi
1577,Hosakerehalli
1578,Jnana Bharathi
1579,Kadugodi
1580,Hagadur
1581,Munekolala
1582,Suddagunte Palya Ward
1583,Kadugodi
1584,Konena Agrahara Ward
1585,Banashankari
1586,Kaggadasapura
1587,Bommanahalli
1588,HSR Layout
1589,Rajarajeshwari Nagar
1590,Bhuvaneshwari Nagar
1591,Maruthi Seva Nagar
1592,Domlur
1593,Koramangala
1594,Lal Bahadur Shastri Nagar
1595,Munekolala
1596,Lakkasandra
1597,Jnana Bharathi
1598,Maruthi Mandir ward
1599,Hagadur
1600,JP Nagar
1601,Pattabhiram Nagar
1602,Govindaraj Nagar
1603,Nagarabhavi
1604,Koramangala
1605,Hampi Nagar
1606,BTM Layout
1607,Jeevanbhima Nagar
1608,Jakkasandra
1609,Chamarajpet
1610,Suddagunte Palya Ward
1611,Madiwala
1612,Katriguppe
1613,HAL Airport Ward
1614,Others
1615,Udaya Nagar
1616,HSR Layout
1617,AGS Layout
1618,Koramangala
1619,Others
1620,Jogupalya
1621,Banashankari
1622,Koramangala
1623,Thippasandra
1624,BTM Layout
1625,Vignananagar
1626,Maruthi Seva Nagar
1627,Sarakki
1628,Bhoganahalli
1629,BTM Layout
1630,Sriramamandir Ward
1631,Others
1632,Pattanagere
1633,Others
1634,Vidyapeeta ward
1635,Bellanduru
1636,Kumaraswamy Layout
1637,Domlur
1638,Banashankari
1639,Hongasandra
1640,Lakkasandra
1641,Banashankari
1642,Others
1643,Pattabhiram Nagar
1644,JP Nagar
1645,Yelchenahalli Ward
1646,HSR Layout
1647,Basavanagudi
1648,Marathahalli
1649,Kodihalli
1650,Sunkenahalli Ward
1651,Hagadur
1652,Dodda Nekkundi
1653,Shivanagara
1654,Halasuru
1655,Madiwala
1656,Jayanagar
1657,Shivanagara
1658,Vignananagar
1659,Rajajinagar
1660,Hosa Tippasandra
1661,Suddagunte Palya Ward
1662,Ejipura
1663,Kaggadasapura
1664,Rajarajeshwari Nagar
1665,C V Raman Nagar
1666,Banashankari
1667,Padmanabha Nagar
1668,Vignananagar
1669,Domlur
1670,Sunkenahalli Ward
1671,Munekolala
1672,Sarvagna Nagar
1673,Rajajinagar
1674,Bommanahalli
1675,Basavanagudi
1676,Suddagunte Palya Ward
1677,Hoysala Nagara
1678,ISRO Layout
1679,Koramangala
1680,Rajarajeshwari Nagar
1681,Hagadur
1682,Rajajinagar
1683,Varthur
1684,Bhuvaneshwari Nagar
1685,Sarakki
1686,JP Nagar
1687,Others
1688,Karisandra Ward
1689,Kadugodi
1690,Koramangala
1691,Kaadubeesanahalli
1692,Padmanabha Nagar
1693,Banashankari
1694,BTM Layout
1695,Banashankari
1696,Hemmigepura
1697,Others
1698,Marathahalli
1699,Vasanth Nagar
1700,Domlur
1701,Shivanagara
1702,BTM Layout
1703,Hosakerehalli
1704,Haralur
1705,VV Puram
1706,Udaya Nagar
1707,Hagadur
1708,Jnana Bharathi
1709,Jogupalya
1710,Thippasandra
1711,Bilekahalli
1712,Lakkasandra
1713,Narayanapura
1714,Jnana Bharathi
1715,Karisandra Ward
1716,Banashankari
1717,Benniganahalli Ward
1718,HSR Layout
1719,ISRO Layout
1720,Nallurahalli
1721,Vijayanagar
1722,Mangammanapalya
1723,Kodihalli
1724,Agaram
1725,Jogupalya
1726,Puttenahalli
1727,Ejipura
1728,Nagarabhavi
1729,Lakkasandra
1730,Munekolala
1731,Hagadur
1732,BTM Layout
1733,Panathur
1734,Lal Bahadur Shastri Nagar
1735,Jayanagar
1736,Lal Bahadur Shastri Nagar
1737,Nayandahalli Ward
1738,Gurappanapalya Ward
1739,Bommanahalli
1740,Bellanduru
1741,Banashankari
1742,Sarakki
1743,Hanumantha Nagar
1744,Rajajinagar
1745,Dodda Nekkundi
1746,VV Puram
1747,Jakkasandra
1748,Madiwala
1749,Hombegowda Nagara
1750,Thubarahalli
1751,Kottigepalya
1752,Jaraganahalli Ward
1753,Ejipura
1754,Banashankari
1755,Yelchenahalli Ward
1756,Malleshpalya
1757,Others
1758,Lakkasandra
1759,Banashankari
1760,Dattatreya Temple Ward
1761,Suddagunte Palya Ward
1762,Jayanagar
1763,Banashankari
1764,Subramanyapura
1765,Maruthi Seva Nagar
1766,Others
1767,Bommanahalli
1768,Shanthi Nagar
1769,Hampi Nagar
1770,Chikkalasandra
1771,Suddagunte Palya Ward
1772,HSR Layout
1773,Girinagar
1774,Koramangala
1775,Madiwala
1776,Jnana Bharathi
1777,Jogupalya
1778,Vignananagar
1779,Katriguppe
1780,Others
1781,Rajarajeshwari Nagar
1782,Dodda Nekkundi
1783,Banashankari
1784,Shakthi Ganapathi Nagar Ward
1785,Madiwala
1786,Shakambari Nagar
1787,Kaggadasapura
1788,HAL Airport Ward
1789,Kottigepalya
1790,AGS Layout
1791,Pantarapalya
1792,Suddagunte Palya Ward
1793,Bommanahalli
1794,Madiwala
1795,HSR Layout
1796,BTM Layout
1797,Hoysala Nagara
1798,Varthur
1799,Gali Anjenaya Temple ward
1800,Maruthi Mandir ward
1801,Hoodi
1802,HAL Airport Ward
1803,Avalahalli
1804,Lal Bahadur Shastri Nagar
1805,Koramangala
1806,Rajajinagar
1807,Jayanagar
1808,Srinagar
1809,Suddagunte Palya Ward
1810,Hosahalli
1811,ISRO Layout
1812,Suddagunte Palya Ward
1813,Adugodi
1814,Bommanahalli
1815,Avalahalli
1816,Dodda Nekkundi
1817,Chamarajpet
1818,Hanumantha Nagar
1819,Lakkasandra
1820,HSR Layout
1821,Shanthi Nagar
1822,Basavanagudi
1823,HSR Layout
1824,Yediyur Ward
1825,Bhoganahalli
1826,Sudhama Nagara
1827,Mangammanapalya
1828,Katriguppe
1829,Hosakerehalli
1830,Gayatri Nagar
1831,Hagadur
1832,Bommanahalli
1833,Others
1834,Maruthi Mandir ward
1835,Bilekahalli
1836,Varthur
1837,BTM Layout
1838,Jeevanbhima Nagar
1839,Kamakshi Palya
1840,Dodda Nekkundi
1841,Jnana Bharathi
1842,Ambalipura
1843,Vijayanagar
1844,Others
1845,Govindaraj Nagar
1846,Sunkenahalli Ward
1847,C V Raman Nagar
1848,Benniganahalli Ward
1849,Kaggadasapura
1850,Suddagunte Palya Ward
1851,Kadugodi
1852,Sarvagna Nagar
1853,Adugodi
1854,Maruthi Mandir ward
1855,Govindaraj Nagar
1856,Narayanapura
1857,Katriguppe
1858,Sarvagna Nagar
1859,Hanumantha Nagar
1860,Wilson Garden
1861,Attiguppe
1862,Varthur
1863,Hoodi
1864,JP Nagar
1865,Munekolala
1866,Jaraganahalli Ward
1867,Others
1868,Domlur
1869,Marathahalli
1870,Bellanduru
1871,Haralur
1872,Jayanagar
1873,Ejipura
1874,BTM Layout
1875,Jeevanbhima Nagar
1876,Bellanduru
1877,Banashankari
1878,Shankar Matt Ward
1879,Hoysala Nagara
1880,Katriguppe
1881,Hongasandra
1882,Varthur
1883,Hagadur
1884,Shanthala Nagar
1885,Basaveshwaranagar
1886,Rajajinagar
1887,Sampangiram Nagar Ward
1888,Others
1889,Pattanagere
1890,HSR Layout
1891,BTM Layout
1892,HAL Airport Ward
1893,Narayanapura
1894,Lal Bahadur Shastri Nagar
1895,Lakkasandra
1896,AECS Layout
1897,GM Palya
1898,Jogupalya
1899,Basavanagudi
1900,Madiwala
1901,Karisandra Ward
1902,Attiguppe
1903,Kamakshi Palya
1904,Sunkenahalli Ward
1905,Munekolala
1906,Gali Anjenaya Temple ward
1907,Mangammanapalya
1908,Rajajinagar
1909,HSR Layout
1910,Konena Agrahara Ward
1911,Jogupalya
1912,Shakthi Ganapathi Nagar Ward
1913,Kadugodi
1914,Others
1915,Ejipura
1916,Kaggadasapura
1917,Dodda Nekkundi
1918,JP Nagar
1919,Maruthi Mandir ward
1920,HSR Layout
1921,Agaram
1922,Narayanapura
1923,Shakambari Nagar
1924,Basavanagudi
1925,HAL Airport Ward
1926,Basaveshwaranagar
1927,Koramangala
1928,Marathahalli
1929,Hemmigepura
1930,Jayanagar
1931,Haralur
1932,Yemaluru
1933,Lal Bahadur Shastri Nagar
1934,Girinagar
1935,HSR Layout
1936,Dodda Nekkundi
1937,Malleshpalya
1938,Cox Town
1939,Vignananagar
1940,Sampangiram Nagar Ward
1941,Konena Agrahara Ward
1942,Kadugodi
1943,Panathur
1944,HSR Layout
1945,Haralur
1946,Rajajinagar
1947,Yemaluru
1948,Shankar Matt Ward
1949,Rajarajeshwari Nagar
1950,Ejipura
1951,Kaggadasapura
1952,Jakkasandra
1953,Hagadur
1954,Hoodi
1955,Koramangala
1956,Girinagar
1957,Adugodi
1958,Haralur
1959,Kodihalli
1960,Narayanapura
1961,Kadugodi
1962,Vidyapeeta ward
1963,BTM Layout
1964,Vijayanagar
1965,Thippasandra
1966,Bhoganahalli
1967,Shivanagara
1968,Adugodi
1969,Nagarabhavi
1970,Koramangala
1971,Vidyapeeta ward
1972,Kamakshi Palya
1973,Jeevanbhima Nagar
1974,Wilson Garden
1975,Dodda Nekkundi
1976,Kaggadasapura
1977,Yelchenahalli Ward
1978,Katriguppe
1979,Agaram
1980,Koramangala
1981,Dattatreya Temple Ward
1982,Varthur
1983,HSR Layout
1984,Jakkasandra
1985,Lal Bahadur Shastri Nagar
1986,Ejipura
1987,Thubarahalli
1988,Padmanabha Nagar
1989,Rajarajeshwari Nagar
1990,Jakkasandra
1991,Bilekahalli
1992,Maruthi Mandir ward
1993,Koramangala
1994,Jnana Bharathi
1995,Halasuru
1996,Bommanahalli
1997,Prakash Nagar Ward
1998,Bhuvaneshwari Nagar
1999,Katriguppe
2000,Benniganahalli Ward
2001,AGS Layout
2002,Hagadur
2003,Rajarajeshwari Nagar
2004,Marenahalli
2005,Bellanduru
2006,Jogupalya
2007,Bellanduru
2008,Hongasandra
2009,Hoysala Nagara
2010,Wilson Garden
2011,HSR Layout
2012,Shakthi Ganapathi Nagar Ward
2013,Jeevanbhima Nagar
2014,Hoysala Nagara
2015,JP Nagar
2016,Katriguppe
2017,Shakthi Ganapathi Nagar Ward
2018,Others
2019,Jogupalya
2020,Vijayanagar
2021,BTM Layout
2022,Bilekahalli
2023,Nagarabhavi
2024,Jayanagar
2025,Banashankari
2026,Gurappanapalya Ward
2027,BTM Layout
2028,Basavanagudi
2029,Srinagar
2030,Lakkasandra
2031,Others
2032,HSR Layout
2033,BTM Layout
2034,Sunkenahalli Ward
2035,Koramangala
2036,Hagadur
2037,Jakkasandra
2038,Bellanduru
2039,Kadugodi
2040,Basaveshwaranagar
2041,Jayanagar
2042,Sampangiram Nagar Ward
2043,HSR Layout
2044,Jnana Bharathi
2045,JP Nagar
2046,Shanthala Nagar
2047,Yediyur Ward
2048,Sampangiram Nagar Ward
2049,Koramangala
2050,JP Nagar
2051,Konena Agrahara Ward
2052,Basavanagudi
2053,Hagadur
2054,Kadugodi
2055,Rajarajeshwari Nagar
2056,Cox Town
2057,BTM Layout
2058,HSR Layout
2059,Banashankari
2060,Bhuvaneshwari Nagar
2061,JP Nagar
2062,Puttenahalli
2063,HSR Layout
2064,HSR Layout
2065,Shanthala Nagar
2066,Hosahalli
2067,C V Raman Nagar
2068,Varthur
2069,Hanumantha Nagar
2070,Hanumantha Nagar
2071,Malleshpalya
2072,Banashankari
2073,Kadugodi
2074,Banashankari
2075,Rajajinagar
2076,Rajajinagar
2077,Marenahalli
2078,Hosakerehalli
2079,Dodda Nekkundi
2080,Varthur
2081,Ramagondanahalli
2082,Byrasandra Ward
2083,Hoysala Nagara
2084,Adugodi
2085,Vimanapura
2086,Shakambari Nagar
2087,Garudachara Palya
2088,Kottigepalya
2089,Narayanapura
2090,Ittamadu
2091,BTM Layout
2092,C V Raman Nagar
2093,Halasuru
2094,Hemmigepura
2095,Srinagar
2096,Others
2097,Sarvagna Nagar
2098,Varthur
2099,Bhuvaneshwari Nagar
2100,Dodda Nekkundi
2101,BTM Layout
2102,Nayandahalli Ward
2103,Girinagar
2104,Dodda Nekkundi
2105,Koramangala
2106,Vignananagar
2107,Girinagar
2108,Vignananagar
2109,BTM Layout
2110,Vignananagar
2111,Adugodi
2112,Vignananagar
2113,Bellanduru
2114,Haralur
2115,Jayanagar
2116,Hongasandra
2117,Katriguppe
2118,Basavanagudi
2119,Gurappanapalya Ward
2120,Koramangala
2121,Munekolala
2122,BTM Layout
2123,Vignananagar
2124,Hosa Tippasandra
2125,JP Nagar
2126,Cleveland Town
2127,Koramangala
2128,Hanumantha Nagar
2129,Bilekahalli
2130,AECS Layout
2131,Dodda Nekkundi
2132,Katriguppe
2133,Deepanjali Nagar
2134,Hosakerehalli
2135,ISRO Layout
2136,Others
2137,Kaveri Layout
2138,Shakambari Nagar
2139,Jaraganahalli Ward
2140,Domlur
2141,Vijayanagar
2142,JP Nagar
2143,Koramangala
2144,Hongasandra
2145,Kaggadasapura
2146,BTM Layout
2147,Kumaraswamy Layout
2148,Hoysala Nagara
2149,HSR Layout
2150,HSR Layout
2151,Rajarajeshwari Nagar
2152,Hosa Tippasandra
2153,Others
2154,Hagadur
2155,JP Nagar
2156,Jayanagar
2157,Govindaraj Nagar
2158,C V Raman Nagar
2159,Narayanapura
2160,Nagarabhavi
2161,Yelchenahalli Ward
2162,Others
2163,Jnana Bharathi
2164,Attiguppe
2165,Hosakerehalli
2166,Varthur
2167,Ejipura
2168,Madiwala
2169,GM Palya
2170,Hosakerehalli
2171,Bellanduru
2172,Thippasandra
2173,Banashankari
2174,Yediyur Ward
2175,Rajarajeshwari Nagar
2176,Puttenahalli
2177,Gurappanapalya Ward
2178,Koramangala
2179,BTM Layout
2180,HSR Layout
2181,Nayandahalli Ward
2182,Koramangala
2183,Shanthi Nagar
2184,Vignananagar
2185,Hagadur
2186,Hosakerehalli
2187,Adugodi
2188,Rajarajeshwari Nagar
2189,Bhuvaneshwari Nagar
2190,Ejipura
2191,JP Nagar
2192,Varthur
2193,JP Nagar
2194,Jaraganahalli Ward
2195,Ambalipura
2196,Halasuru
2197,Dodda Nekkundi
2198,Hombegowda Nagara
2199,Jogupalya
2200,Adugodi
2201,Mangammanapalya
2202,JP Nagar
2203,Vasanthpura Ward
2204,Others
2205,Konena Agrahara Ward
2206,Katriguppe
2207,Maruthi Mandir ward
2208,Lakkasandra
2209,Ejipura
2210,Others
2211,Pantarapalya
2212,BTM Layout
2213,Munekolala
2214,JP Nagar
2215,Jnana Bharathi
2216,Others
2217,Konena Agrahara Ward
2218,Srinagar
2219,Vannarpetai
2220,Malleswaram
2221,Others
2222,Domlur
2223,Others
2224,Others
2225,Mangammanapalya
2226,Dodda Nekkundi
2227,Yelchenahalli Ward
2228,Rajajinagar
2229,Vidyapeeta ward
2230,Hemmigepura
2231,Lakkasandra
2232,Agaram
2233,Kumaraswamy Layout
2234,Hagadur
2235,Kumaraswamy Layout
2236,Varthur
2237,Basavanagudi
2238,Srinagar
2239,Basavanagudi
2240,Varthur
2241,Varthur
2242,Maruthi Mandir ward
2243,Marenahalli
2244,Kaggadasapura
2245,Narayanapura
2246,Bellanduru
2247,Munekolala
2248,Basavanagudi
2249,Hagadur
2250,Bellanduru
2251,Nallurahalli
2252,HAL Airport Ward
2253,Hanumantha Nagar
2254,Kadugodi
2255,Munekolala
2256,Halasuru
2257,Pattanagere
2258,Thubarahalli
2259,Hagadur
2260,Bellanduru
2261,Suddagunte Palya Ward
2262,Puttenahalli
2263,Kadugodi
2264,Dodda Nekkundi
2265,Shanthi Nagar
2266,Sarakki
2267,HAL Airport Ward
2268,Hosakerehalli
2269,Hagadur
2270,Kadugodi
2271,Udaya Nagar
2272,Bommanahalli
2273,Hagadur
2274,Hoodi
2275,Lakkasandra
2276,Hoysala Nagara
2277,Madiwala
2278,Dodda Nekkundi
2279,Subramanyapura
2280,Hoodi
2281,C V Raman Nagar
2282,Dodda Nekkundi
2283,Jnana Bharathi
2284,Thubarahalli
2285,Dodda Nekkundi
2286,Munekolala
2287,Bellanduru
2288,Kadugodi
2289,Hoodi
2290,Vignananagar
2291,Rajarajeshwari Nagar
2292,Rajarajeshwari Nagar
2293,Kadugodi
2294,Konena Agrahara Ward
2295,Kodihalli
2296,Hemmigepura
2297,Vignananagar
2298,Dodda Nekkundi
2299,Konena Agrahara Ward
2300,Dodda Nekkundi
2301,Rajarajeshwari Nagar
2302,Bilekahalli
2303,Dodda Nekkundi
2304,HSR Layout
2305,Hagadur
2306,Hoodi
2307,Hoodi
2308,Puttenahalli
2309,Varthur
2310,Katriguppe
2311,Gandhinagar
2312,Bellanduru
2313,Varthur
2314,Bellanduru
2315,Kadugodi
2316,Nallurahalli
2317,Katriguppe
2318,Hagadur
2319,Jayanagar
2320,Shankar Matt Ward
2321,Munekolala
2322,Suddagunte Palya Ward
2323,BTM Layout
2324,Hampi Nagar
2325,Hagadur
2326,Bilekahalli
2327,Varthur
2328,Thubarahalli
2329,HSR Layout
2330,Cox Town
2331,Thubarahalli
2332,Marathahalli
2333,Garudachara Palya
2334,Munekolala
2335,Varthur
2336,Bellanduru
2337,Hagadur
2338,Bellanduru
2339,Jaraganahalli Ward
2340,Hagadur
2341,Bilekahalli
2342,Munekolala
2343,Varthur
2344,Agaram
2345,Hoysala Nagara
2346,Gurappanapalya Ward
2347,Varthur
2348,Devasandra
2349,Hosa Tippasandra
2350,Others
2351,Puttenahalli
2352,Malleshpalya
2353,Malleshpalya
2354,Maruthi Seva Nagar
2355,ISRO Layout
2356,Brookefields
2357,Kumaraswamy Layout
2358,Varthur
2359,Dodda Nekkundi
2360,Bommanahalli
2361,Hoodi
2362,Bellanduru
2363,Nallurahalli
2364,Bellanduru
2365,C V Raman Nagar
2366,Bellanduru
2367,Bellanduru
2368,Dodda Nekkundi
2369,Varthur
2370,Munekolala
2371,Subramanyapura
2372,Hagadur
2373,Vasanth Nagar
2374,Kadugodi
2375,Dodda Nekkundi
2376,Vignananagar
2377,Hosa Tippasandra
2378,Puttenahalli
2379,Kadugodi
2380,Kadugodi
2381,Hagadur
2382,Ambalipura
2383,Nallurahalli
2384,Hagadur
2385,Devarabeesanahalli
2386,Bellanduru
2387,Panathur
2388,HSR Layout
2389,Kadugodi
2390,Hoodi
2391,Devarabeesanahalli
2392,Basavanagudi
2393,HAL Airport Ward
2394,Haralur
2395,BTM Layout
2396,Kumaraswamy Layout
2397,Rajarajeshwari Nagar
2398,Hagadur
2399,Koramangala
2400,Rajarajeshwari Nagar
2401,Devarabeesanahalli
2402,Rajarajeshwari Nagar
2403,Bellanduru
2404,Haralur
2405,Puttenahalli
2406,HSR Layout
2407,Nallurahalli
2408,Marenahalli
2409,AGS Layout
2410,Ejipura
2411,Dodda Nekkundi
2412,Hongasandra
2413,Devarabeesanahalli
2414,Suddagunte Palya Ward
2415,Hoodi
2416,AGS Layout
2417,Pattanduru Agrahara
2418,Hoodi
2419,Bommanahalli
2420,Kadugodi
2421,Srinivasapura
2422,BCC Layout
2423,Varthur
2424,ISRO Layout
2425,HSR Layout
2426,Hagadur
2427,Bhoganahalli
2428,C V Raman Nagar
2429,Dodda Nekkundi
2430,C V Raman Nagar
2431,Bellanduru
2432,Yemaluru
2433,Ejipura
2434,C V Raman Nagar
2435,Pattanduru Agrahara
2436,Rajarajeshwari Nagar
2437,Jnana Bharathi
2438,Varthur
2439,Rajarajeshwari Nagar
2440,Varthur
2441,Hoodi
2442,Malleshpalya
2443,Halasuru
2444,Konena Agrahara Ward
2445,Nallurahalli
2446,Mangammanapalya
2447,Sarvagna Nagar
2448,Dodda Nekkundi
2449,Devarabeesanahalli
2450,Madiwala
2451,AGS Layout
2452,Jayanagar
2453,Hagadur
2454,Hagadur
2455,Subramanyapura
2456,Banashankari
2457,Yediyur Ward
2458,Varthur
2459,Haralur
2460,AGS Layout
2461,Udaya Nagar
2462,Dodda Nekkundi
2463,Hoodi
2464,Dodda Nekkundi
2465,Kadugodi
2466,Domlur
2467,Sunkenahalli Ward
2468,Jogupalya
2469,Pantarapalya
2470,Sunkenahalli Ward
2471,Bellanduru
2472,Malleshpalya
2473,Domlur
2474,Hagadur
2475,Panathur
2476,Kadugodi
2477,Bellanduru
2478,Bellanduru
2479,Others
2480,Marathahalli
2481,Hagadur
2482,Rajajinagar
2483,Pattanagere
2484,Kadugodi
2485,Nallurahalli
2486,Kundalahalli
2487,HSR Layout
2488,Hoysala Nagara
2489,Vannarpetai
2490,Sitaramapalya
2491,Dodda Nekkundi
2492,Thubarahalli
2493,Kaggadasapura
2494,Govindaraj Nagar
2495,Chamarajpet
2496,Kadugodi
2497,GM Palya
2498,Dodda Nekkundi
2499,Kadugodi
2500,Hosa Tippasandra
2501,Varthur
2502,Munekolala
2503,Bellanduru
2504,Bilekahalli
2505,Frazer Town
2506,Varthur
2507,Ejipura
2508,BTM Layout
2509,Cox Town
2510,Hagadur
2511,Devarabeesanahalli
2512,Jogupalya
2513,C V Raman Nagar
2514,AECS Layout
2515,Munekolala
2516,Hagadur
2517,Madhuranagara
2518,C V Raman Nagar
2519,Pattanduru Agrahara
2520,Bellanduru
2521,Others
2522,Nallurahalli
2523,Cox Town
2524,Varthur
2525,Varthur
2526,GM Palya
2527,Dodda Nekkundi
2528,Others
2529,Kadugodi
2530,Munekolala
2531,Ambalipura
2532,Bellanduru
2533,VV Puram
2534,Hagadur
2535,C V Raman Nagar
2536,Hagadur
2537,C V Raman Nagar
2538,GM Palya
2539,Varthur
2540,HSR Layout
2541,Varthur
2542,Koramangala
2543,Mangammanapalya
2544,Brookefields
2545,Jnana Bharathi
2546,Varthur
2547,Hongasandra
2548,Subramanyapura
2549,Varthur
2550,Dodda Nekkundi
2551,Chamarajpet
2552,Vasanthpura Ward
2553,C V Raman Nagar
2554,Bellanduru
2555,Madiwala
2556,Others
2557,Ambalipura
2558,Bommanahalli
2559,Varthur
2560,Dodda Nekkundi
2561,Kumaraswamy Layout
2562,Nallurahalli
2563,Domlur
2564,Kadugodi
2565,Bellanduru
2566,Sitaramapalya
2567,Kaggadasapura
2568,Kottigepalya
2569,Marenahalli
2570,Hagadur
2571,Bellanduru
2572,Kadugodi
2573,Dodda Nekkundi
2574,Halasuru
2575,Kaggadasapura
2576,GM Palya
2577,Hemmigepura
2578,Dodda Nekkundi
2579,Mahadevapura
2580,Hagadur
2581,Malleswaram
2582,Ejipura
2583,Hagadur
2584,Hagadur
2585,Kadugodi
2586,Hosa Tippasandra
2587,Dodda Nekkundi
2588,Varthur
2589,Dodda Nekkundi
2590,Banashankari
2591,Ejipura
2592,Munekolala
2593,Dodda Nekkundi
2594,Marenahalli
2595,Lal Bahadur Shastri Nagar
2596,Haralur
2597,Dodda Nekkundi
2598,Kaggadasapura
2599,Rajarajeshwari Nagar
2600,Padmanabha Nagar
2601,Puttenahalli
2602,Bellanduru
2603,C V Raman Nagar
2604,Jnana Bharathi
2605,Munekolala
2606,Dodda Nekkundi
2607,Hagadur
2608,Panathur
2609,GM Palya
2610,JP Nagar
2611,Chikkalasandra
2612,Wilson Garden
2613,Garudachara Palya
2614,Jakkasandra
2615,Garudachara Palya
2616,Kumaraswamy Layout
2617,Dodda Nekkundi
2618,Ambalipura
2619,Bellanduru
2620,Puttenahalli
2621,Varthur
2622,Hagadur
2623,Vignananagar
2624,Bhuvaneshwari Nagar
2625,Hagadur
2626,Bellanduru
2627,Kaadubeesanahalli
2628,Dodda Nekkundi
2629,Hoodi
2630,Marathahalli
2631,Hoodi
2632,Kadugodi
2633,Udaya Nagar
2634,Hoodi
2635,Ambalipura
2636,Basavanagudi
2637,Hoodi
2638,Hagadur
2639,Padmanabha Nagar
2640,Maruthi Seva Nagar
2641,Bellanduru
2642,Rajarajeshwari Nagar
2643,Kaadubeesanahalli
2644,Hagadur
2645,Konena Agrahara Ward
2646,Rajarajeshwari Nagar
2647,Varthur
2648,Ejipura
2649,Kaadubeesanahalli
2650,HSR Layout
2651,Iblur
2652,Kaggadasapura
2653,Dodda Nekkundi
2654,Bellanduru
2655,Hagadur
2656,Kadugodi
2657,Rajarajeshwari Nagar
2658,Mangammanapalya
2659,Varthur
2660,Pattabhiram Nagar
2661,Ambalipura
2662,Hagadur
2663,Rajarajeshwari Nagar
2664,AGS Layout
2665,Hagadur
2666,Hosakerehalli
2667,Bommanahalli
2668,Haralur
2669,HSR Layout
2670,Devarabeesanahalli
2671,Madiwala
2672,Munekolala
2673,Madhuranagara
2674,Dodda Nekkundi
2675,Varthur
2676,Ambalipura
2677,Malleshpalya
2678,Bhoganahalli
2679,Brookefields
2680,Hemmigepura
2681,Kaadubeesanahalli
2682,Kadugodi
2683,Dodda Nekkundi
2684,Hombegowda Nagara
2685,Vishveshwara Puram
2686,JP Nagar
2687,Domlur
2688,JP Nagar
2689,ISRO Layout
2690,HSR Layout
2691,Bellanduru
2692,Varthur
2693,Bellanduru
2694,Puttenahalli
2695,Panathur
2696,Varthur
2697,Bommanahalli
2698,Kaveri Layout
2699,Ramagondanahalli
2700,Malagala
2701,HSR Layout
2702,AGS Layout
2703,BTM Layout
2704,Pattabhiram Nagar
2705,Hosakerehalli
2706,Bommanahalli
2707,Kadugodi
2708,Haralur
2709,Kaggadasapura
2710,Iblur
2711,Suddagunte Palya Ward
2712,Haralur
2713,Kaggadasapura
2714,Kadugodi
2715,Cox Town
2716,Iblur
2717,Bellanduru
2718,Banashankari
2719,Hagadur
2720,Garudachara Palya
2721,Kadugodi
2722,Haralur
2723,Vignananagar
2724,Koramangala
2725,Hoodi
2726,Wilson Garden
2727,Kadugodi
2728,Bellanduru
2729,HSR Layout
2730,Hoodi
2731,Varthur
2732,Kaadubeesanahalli
2733,AGS Layout
2734,HAL Airport Ward
2735,Nallurahalli
2736,Vignananagar
2737,Devarabeesanahalli
2738,Hongasandra
2739,Srinivasapura
2740,Thubarahalli
2741,Basavanagudi
2742,BTM Layout
2743,Chikkalasandra
2744,Hoodi
2745,Hagadur
2746,Sarakki
2747,Kadugodi
2748,Kadugodi
2749,Vannarpetai
2750,Varthur
2751,Dodda Nekkundi
2752,Kundalahalli
2753,Bellanduru
2754,Varthur
2755,Kumaraswamy Layout
2756,Kaggadasapura
2757,Banashankari
2758,Bellanduru
2759,Dodda Nekkundi
2760,Hoodi
2761,Srinivasapura
2762,Dodda Nekkundi
2763,Konena Agrahara Ward
2764,Kadugodi
2765,Kumaraswamy Layout
2766,Munekolala
2767,Dodda Nekkundi
2768,Varthur
2769,Puttenahalli
2770,Rajarajeshwari Nagar
2771,Hagadur
2772,Others
2773,Hoodi
2774,Dodda Nekkundi
2775,Bellanduru
2776,HSR Layout
2777,Vijayanagar
2778,Madiwala
2779,Bommanahalli
2780,AECS Layout
2781,Garudachara Palya
2782,Srinivasapura
2783,Rajarajeshwari Nagar
2784,Sarakki
2785,Dodda Nekkundi
2786,Munekolala
2787,Hagadur
2788,Nallurahalli
2789,Sampangiram Nagar Ward
2790,Rajarajeshwari Nagar
2791,Dodda Nekkundi
2792,Nallurahalli
2793,Bellanduru
2794,Hagadur
2795,Varthur
2796,Munekolala
2797,Kadugodi
2798,Kadugodi
2799,Bellanduru
2800,Hagadur
2801,Yelchenahalli Ward
2802,Bhuvaneshwari Nagar
2803,Dodda Nekkundi
2804,Kadugodi
2805,Garudachara Palya
2806,Kadugodi
2807,Devarabeesanahalli
2808,Ambalipura
2809,Vignananagar
2810,HSR Layout
2811,Domlur
2812,Garudachara Palya
2813,HSR Layout
2814,Konena Agrahara Ward
2815,Munekolala
2816,Rajarajeshwari Nagar
2817,JP Nagar
2818,Dodda Nekkundi
2819,Dodda Nekkundi
2820,Maruthi Seva Nagar
2821,Rajarajeshwari Nagar
2822,Ejipura
2823,Iblur
2824,Kaadubeesanahalli
2825,Kadugodi
2826,HSR Layout
2827,Kadugodi
2828,Hampi Nagar
2829,Vasanthpura Ward
2830,Dodda Nekkundi
2831,Kadugodi
2832,Hanumantha Nagar
2833,Dodda Nekkundi
2834,GM Palya
2835,Ejipura
2836,Bellanduru
2837,Ambalipura
2838,Kadugodi
2839,Bellanduru
2840,Shakambari Nagar
2841,Hagadur
2842,Kaggadasapura
2843,Varthur
2844,Maruthi Seva Nagar
2845,Hoodi
2846,Madhuranagara
2847,Dodda Nekkundi
2848,Bellanduru
2849,Others
2850,Kadugodi
2851,Nallurahalli
2852,Haralur
2853,Kadugodi
2854,Udaya Nagar
2855,HSR Layout
2856,Munekolala
2857,Hosa Tippasandra
2858,Chamarajpet
2859,Narayanapura
2860,Hagadur
2861,Garudachara Palya
2862,Rajarajeshwari Nagar
2863,Konena Agrahara Ward
2864,Ramagondanahalli
2865,Haralur
2866,Munekolala
2867,Katriguppe
2868,Dodda Nekkundi
2869,Bellanduru
2870,Dodda Nekkundi
2871,Dodda Nekkundi
2872,Hagadur
2873,Madiwala
2874,Thubarahalli
2875,Malleshpalya
2876,Kaggadasapura
2877,Madiwala
2878,Hagadur
2879,Kadugodi
2880,Nallurahalli
2881,Kadugodi
2882,Hagadur
2883,Dodda Nekkundi
2884,Hemmigepura
2885,Nallurahalli
2886,Banashankari
2887,Chikkalasandra
2888,Sunkenahalli Ward
2889,Vrisabhavathi Nagar
2890,Others
2891,BTM Layout
2892,Nallurahalli
2893,Hoodi
2894,Varthur
2895,Agaram
2896,Bellanduru
2897,Hagadur
2898,Hagadur
2899,C V Raman Nagar
2900,Kadugodi
2901,Bellanduru
2902,Gali Anjenaya Temple ward
2903,Hoodi
2904,Kadugodi
2905,Konena Agrahara Ward
2906,Maruthi Seva Nagar
2907,Rajarajeshwari Nagar
2908,Sarakki
2909,Hagadur
2910,Jakkasandra
2911,Hemmigepura
2912,Chikkalasandra
2913,Haralur
2914,HSR Layout
2915,Varthur
2916,Varthur
2917,Bilekahalli
2918,Iblur
2919,Kaadubeesanahalli
2920,Kadugodi
2921,Hagadur
2922,Dodda Nekkundi
2923,Brookefields
2924,Varthur
2925,AGS Layout
2926,Thubarahalli
2927,Konena Agrahara Ward
2928,Panathur
2929,Kadugodi
2930,Garudachara Palya
2931,Bilekahalli
2932,Cox Town
2933,Sitaramapalya
2934,Haralur
2935,Vignananagar
2936,Hagadur
2937,Madhuranagara
2938,BTM Layout
2939,Marathahalli
2940,HSR Layout
2941,Domlur
2942,Devarabeesanahalli
2943,Kadugodi
2944,Munekolala
2945,Jakkasandra
2946,Kaggadasapura
2947,Udaya Nagar
2948,Bommanahalli
2949,Brookefields
2950,Nallurahalli
2951,Dodda Nekkundi
2952,Yediyur Ward
2953,Bellanduru
2954,ISRO Layout
2955,Chikkalasandra
2956,Hagadur
2957,Kaggadasapura
2958,Sitaramapalya
2959,Hagadur
2960,Rajarajeshwari Nagar
2961,Jaraganahalli Ward
2962,Thubarahalli
2963,Malleshpalya
2964,Munekolala
2965,Ambalipura
2966,Bommanahalli
2967,Bommanahalli
2968,Bommanahalli
2969,Thubarahalli
2970,Kodihalli
2971,Haralur
2972,Vannarpetai
2973,Lal Bahadur Shastri Nagar
2974,HAL Airport Ward
2975,BTM Layout
2976,Varthur
2977,Others
2978,Hagadur
2979,Rajarajeshwari Nagar
2980,Bellanduru
2981,Nallurahalli
2982,Kaggadasapura
2983,Konena Agrahara Ward
2984,Kaggadasapura
2985,Hosa Tippasandra
2986,Ambalipura
2987,Madiwala
2988,Puttenahalli
2989,Hagadur
2990,Hoodi
2991,Bilekahalli
2992,Hagadur
2993,Kaadubeesanahalli
2994,Varthur
2995,Hanumantha Nagar
2996,Devarabeesanahalli
2997,Kaggadasapura
2998,Haralur
2999,JP Nagar
3000,Bhoganahalli
3001,Varthur
3002,Konena Agrahara Ward
3003,Hoodi
3004,Dodda Nekkundi
3005,Vidyapeeta ward
3006,C V Raman Nagar
3007,Hoodi
3008,Dodda Nekkundi
3009,Munekolala
3010,Kadugodi
3011,Dodda Nekkundi
3012,Chikkalasandra
3013,Dodda Nekkundi
3014,Kadugodi
3015,Thubarahalli
3016,Lal Bahadur Shastri Nagar
3017,Puttenahalli
3018,Rajarajeshwari Nagar
3019,Varthur
3020,Konena Agrahara Ward
3021,Sudhama Nagara
3022,C V Raman Nagar
3023,AGS Layout
3024,Nallurahalli
3025,Hoodi
3026,Rajarajeshwari Nagar
3027,Domlur
3028,Kadugodi
3029,Hoysala Nagara
3030,Malleshpalya
3031,Bellanduru
3032,Varthur
3033,Banashankari
3034,Ambalipura
3035,Banashankari
3036,Munekolala
3037,HSR Layout
3038,BTM Layout
3039,Domlur
3040,AGS Layout
3041,Varthur
3042,Hagadur
3043,Padmanabha Nagar
3044,Ejipura
3045,Malleshpalya
3046,Puttenahalli
3047,Kaadubeesanahalli
3048,Dodda Nekkundi
3049,Ambalipura
3050,Subramanyapura
3051,Hagadur
3052,Kaggadasapura
3053,BTM Layout
3054,Kottigepalya
3055,Ittamadu
3056,Hagadur
3057,Adugodi
3058,Devasandra
3059,Kadugodi
3060,Banashankari
3061,Iblur
3062,Rajarajeshwari Nagar
3063,Girinagar
3064,Gali Anjenaya Temple ward
3065,Bellanduru
3066,Bellanduru
3067,Hoysala Nagara
3068,GM Palya
3069,Panathur
3070,Vignananagar
3071,Kadugodi
3072,Rajarajeshwari Nagar
3073,Hagadur
3074,Dodda Nekkundi
3075,Munekolala
3076,Madiwala
3077,Thubarahalli
3078,Kadugodi
3079,Varthur
3080,Pattanduru Agrahara
3081,HSR Layout
3082,Nayandahalli Ward
3083,Garudachara Palya
3084,Jogupalya
3085,Hagadur
3086,Bhoganahalli
3087,Kadugodi
3088,Varthur
3089,Vignananagar
3090,Bilekahalli
3091,Munekolala
3092,GM Palya
3093,Bellanduru
3094,Vasanth Nagar
3095,Hagadur
3096,Dodda Nekkundi
3097,Panathur
3098,Bhoganahalli
3099,Prakash Nagar Ward
3100,Dodda Nekkundi
3101,Kottigepalya
3102,Hoodi
3103,Hagadur
3104,Bellanduru
3105,Sriramamandir Ward
3106,Devarabeesanahalli
3107,C V Raman Nagar
3108,Malleshpalya
3109,Varthur
3110,HSR Layout
3111,C V Raman Nagar
3112,Ejipura
3113,Ejipura
3114,Others
3115,Kadugodi
3116,Gandhinagar
3117,Hampi Nagar
3118,Hagadur
3119,Dodda Nekkundi
3120,Varthur
3121,Bilekahalli
3122,Brookefields
3123,Bellanduru
3124,Garudachara Palya
3125,Adugodi
3126,Dodda Nekkundi
3127,Varthur
3128,Hoodi
3129,BTM Layout
3130,Gandhinagar
3131,Bhuvaneshwari Nagar
3132,Jakkasandra
3133,Bellanduru
3134,Haralur
3135,Kadugodi
3136,C V Raman Nagar
3137,Varthur
3138,Bellanduru
3139,Garudachara Palya
3140,Panathur
3141,Garudachara Palya
3142,Brookefields
3143,Pattanduru Agrahara
3144,Puttenahalli
3145,Thubarahalli
3146,Bellanduru
3147,Haralur
3148,Rajarajeshwari Nagar
3149,HSR Layout
3150,Bellanduru
3151,JP Nagar
3152,Hagadur
3153,HSR Layout
3154,Bellanduru
3155,Nallurahalli
3156,Hagadur
3157,Hoodi
3158,Kadugodi
3159,Vignananagar
3160,Srinivasapura
3161,Jaraganahalli Ward
3162,Varthur
3163,Pattanduru Agrahara
3164,Kodihalli
3165,Nallurahalli
3166,Govindaraj Nagar
3167,Kumaraswamy Layout
3168,Hagadur
3169,Hagadur
3170,Hagadur
3171,Garudachara Palya
3172,Bellanduru
3173,JP Nagar
3174,Others
3175,C V Raman Nagar
3176,C V Raman Nagar
3177,Nallurahalli
3178,HSR Layout
3179,Hoodi
3180,BTM Layout
3181,Dodda Nekkundi
3182,Kadugodi
3183,BTM Layout
3184,Varthur
3185,Hagadur
3186,Vignananagar
3187,Jogupalya
3188,Lakkasandra
3189,AGS Layout
3190,Haralur
3191,Hemmigepura
3192,Konena Agrahara Ward
3193,Munekolala
3194,Marathahalli
3195,Jnana Bharathi
3196,Hagadur
3197,ISRO Layout
3198,Rajarajeshwari Nagar
3199,Malleshpalya
3200,Jeevanbhima Nagar
3201,ISRO Layout
3202,Dodda Nekkundi
3203,Byrasandra Ward
3204,Varthur
3205,AGS Layout
3206,Kaggadasapura
3207,Hemmigepura
3208,Koramangala
3209,Panathur
3210,Hagadur
3211,Nallurahalli
3212,Yelchenahalli Ward
3213,Gandhinagar
3214,Varthur
3215,Dodda Nekkundi
3216,Kadugodi
3217,Dodda Nekkundi
3218,Ittamadu
3219,AECS Layout
3220,Pattanduru Agrahara
3221,Vignananagar
3222,Kadugodi
3223,Hagadur
3224,Yemaluru
3225,Hagadur
3226,Dodda Nekkundi
3227,Varthur
3228,Pattabhiram Nagar
3229,C V Raman Nagar
3230,Bilekahalli
3231,Domlur
3232,Kadugodi
3233,Malleswaram
3234,Sriramamandir Ward
3235,Devasandra
3236,Nallurahalli
3237,Dodda Nekkundi
3238,Chikkalasandra
3239,C V Raman Nagar
3240,Others
3241,Padmanabha Nagar
3242,Gandhinagar
3243,Bellanduru
3244,Rajarajeshwari Nagar
3245,Thubarahalli
3246,Sitaramapalya
3247,Devarabeesanahalli
3248,Domlur
3249,Koramangala
3250,Dodda Nekkundi
3251,Basavanagudi
3252,Munekolala
3253,Bellanduru
3254,Others
3255,Nallurahalli
3256,Domlur
3257,Hagadur
3258,Munekolala
3259,Garudachara Palya
3260,Nallurahalli
3261,Jaraganahalli Ward
3262,Varthur
3263,Frazer Town
3264,Varthur
3265,Thubarahalli
3266,C V Raman Nagar
3267,Suddagunte Palya Ward
3268,Hoodi
3269,Others
3270,BTM Layout
3271,Kadugodi
3272,Gurappanapalya Ward
3273,Dodda Nekkundi
3274,HSR Layout
3275,Kadugodi
3276,Thubarahalli
3277,Thubarahalli
3278,Basavanagudi
3279,Nallurahalli
3280,Hagadur
3281,Kadugodi
3282,Subramanyapura
3283,Madhuranagara
3284,Munekolala
3285,BTM Layout
3286,Hagadur
3287,Benniganahalli Ward
3288,Ejipura
3289,Srinivasapura
3290,Hagadur
3291,Padmanabha Nagar
3292,Varthur
3293,Shanthi Nagar
3294,Kodihalli
3295,Govindaraj Nagar
3296,Kaadubeesanahalli
3297,Hoodi
3298,Rajarajeshwari Nagar
3299,Ambalipura
3300,Vasanth Nagar
3301,HAL Airport Ward
3302,Bommanahalli
3303,Shakambari Nagar
3304,Madiwala
3305,Varthur
3306,Bommanahalli
3307,Govindaraj Nagar
3308,Srinivasapura
3309,Bellanduru
3310,Haralur
3311,Kadugodi
3312,Kodihalli
3313,Subramanyapura
3314,Munekolala
3315,Kumaraswamy Layout
3316,Jogupalya
3317,Rajarajeshwari Nagar
3318,Banashankari
3319,Kaveri Layout
3320,Bellanduru
3321,Dodda Nekkundi
3322,BTM Layout
3323,Hongasandra
3324,Hoodi
3325,ISRO Layout
3326,Devarabeesanahalli
3327,Thubarahalli
3328,Bilekahalli
3329,Devarabeesanahalli
3330,Pattabhiram Nagar
3331,Vignananagar
3332,Govindaraj Nagar
3333,Bommanahalli
3334,Dodda Nekkundi
3335,Dodda Nekkundi
3336,Kaggadasapura
3337,Dodda Nekkundi
3338,Varthur
3339,BTM Layout
3340,Banashankari
3341,Konena Agrahara Ward
3342,Subramanyapura
3343,Haralur
3344,Domlur
3345,AGS Layout
3346,Udaya Nagar
3347,Hagadur
3348,Kaggadasapura
3349,Vasanthpura Ward
3350,Vimanapura
3351,Hagadur
3352,Others
3353,HSR Layout
3354,Hagadur
3355,Varthur
3356,Koramangala
3357,Yediyur Ward
3358,Garudachara Palya
3359,Rajarajeshwari Nagar
3360,Yelchenahalli Ward
3361,Lakkasandra
3362,Basaveshwaranagar
3363,Rajarajeshwari Nagar
3364,Yediyur Ward
3365,Vrisabhavathi Nagar
3366,Nallurahalli
3367,Hoodi
3368,Sampangiram Nagar Ward
3369,Hagadur
3370,Garudachara Palya
3371,Bellanduru
3372,Kadugodi
3373,Suddagunte Palya Ward
3374,Nallurahalli
3375,AGS Layout
3376,Sitaramapalya
3377,Kadugodi
3378,Suddagunte Palya Ward
3379,Kadugodi
3380,Dodda Nekkundi
3381,Hagadur
3382,Munekolala
3383,Varthur
3384,Nallurahalli
3385,Others
3386,Garudachara Palya
3387,Hagadur
3388,Pattanduru Agrahara
3389,Bilekahalli
3390,Padmanabha Nagar
3391,Haralur
3392,Hongasandra
3393,Srinivasapura
3394,Hombegowda Nagara
3395,Pattabhiram Nagar
3396,Brookefields
3397,Hagadur
3398,Ambalipura
3399,GM Palya
3400,Varthur
3401,Others
3402,Hemmigepura
3403,Suddagunte Palya Ward
3404,Kaggadasapura
3405,Kadugodi
3406,Varthur
3407,Haralur
3408,Pattanduru Agrahara
3409,Koramangala
3410,Kaggadasapura
3411,JP Nagar
3412,Haralur
3413,Rajarajeshwari Nagar
3414,Ambalipura
3415,Nallurahalli
3416,Devasandra
3417,Pattabhiram Nagar
3418,JP Nagar
3419,JP Nagar
3420,JP Nagar
3421,Sitaramapalya
3422,Kundalahalli
3423,Madiwala
3424,BTM Layout
3425,Hagadur
3426,Varthur
3427,HSR Layout
3428,AGS Layout
3429,Benniganahalli Ward
3430,Kaggadasapura
3431,Karisandra Ward
3432,Garudachara Palya
3433,Bellanduru
3434,Srinivasapura
3435,Dodda Nekkundi
3436,Bhoganahalli
3437,Kadugodi
3438,Bellanduru
3439,Bommanahalli
3440,Varthur
3441,Munekolala
3442,Kadugodi
3443,Pattanduru Agrahara
3444,Kadugodi
3445,Hoysala Nagara
3446,Hagadur
3447,Bellanduru
3448,Marathahalli
3449,Varthur
3450,Cleveland Town
3451,Kaadubeesanahalli
3452,Domlur
3453,Rajarajeshwari Nagar
3454,Vrisabhavathi Nagar
3455,HSR Layout
3456,Puttenahalli
3457,Hemmigepura
3458,Gurappanapalya Ward
3459,Karisandra Ward
3460,AGS Layout
3461,Nallurahalli
3462,Kadugodi
3463,Nayandahalli Ward
3464,Sitaramapalya
3465,Srinivasapura
3466,Kaadubeesanahalli
3467,HSR Layout
3468,Srinagar
3469,Bilekahalli
3470,Vasanthpura Ward
3471,C V Raman Nagar
3472,Garudachara Palya
3473,Subramanyapura
3474,AGS Layout
3475,Dodda Nekkundi
3476,Hagadur
3477,Suddagunte Palya Ward
3478,Varthur
3479,Ejipura
3480,Hagadur
3481,Devarabeesanahalli
3482,Bellanduru
3483,AECS Layout
3484,Pattanduru Agrahara
3485,Kadugodi
3486,BTM Layout
3487,Dodda Nekkundi
3488,AGS Layout
3489,Devarabeesanahalli
3490,Kaggadasapura
3491,Varthur
3492,Kadugodi
3493,Konena Agrahara Ward
3494,Rajarajeshwari Nagar
3495,Hagadur
3496,Kadugodi
3497,Ejipura
3498,Bellanduru
3499,Kadugodi
3500,Kaadubeesanahalli
3501,Madiwala
3502,Udaya Nagar
3503,Dodda Nekkundi
3504,Kaggadasapura
3505,Madhuranagara
3506,Madiwala
3507,Hoodi
3508,Kamakshi Palya
3509,Rajarajeshwari Nagar
3510,Madiwala
3511,Bilekahalli
3512,Kadugodi
3513,Hosa Tippasandra
3514,Hoodi
3515,Devarabeesanahalli
3516,Kumaraswamy Layout
3517,Bilekahalli
3518,Bellanduru
3519,Bellanduru
3520,Yelchenahalli Ward
3521,Hagadur
3522,Bellanduru
3523,Dodda Nekkundi
3524,Basavanagudi
3525,Rajarajeshwari Nagar
3526,Puttenahalli
3527,Hoodi
3528,Kaadubeesanahalli
3529,Hanumantha Nagar
3530,Kadugodi
3531,Pattanduru Agrahara
3532,Marathahalli
3533,Madiwala
3534,Garudachara Palya
3535,Hagadur
3536,Puttenahalli
3537,Hemmigepura
3538,Agaram
3539,Puttenahalli
3540,Mangammanapalya
3541,Byrasandra Ward
3542,Jeevanbhima Nagar
3543,Vasanthpura Ward
3544,Munekolala
3545,Ambalipura
3546,Bellanduru
3547,Puttenahalli
3548,Hoodi
3549,Hosa Tippasandra
3550,Banashankari
3551,Sitaramapalya
3552,Bellanduru
3553,Konena Agrahara Ward
3554,Dodda Nekkundi
3555,Hagadur
3556,Mangammanapalya
3557,Kadugodi
3558,Byrasandra Ward
3559,Kaggadasapura
3560,AECS Layout
3561,Domlur
3562,Suddagunte Palya Ward
3563,Vasanthpura Ward
3564,HSR Layout
3565,Munekolala
3566,Kadugodi
3567,Dodda Nekkundi
3568,Ambalipura
3569,Bellanduru
3570,Varthur
3571,Garudachara Palya
3572,Rajarajeshwari Nagar
3573,Hagadur
3574,Munekolala
3575,Rajarajeshwari Nagar
3576,Ambalipura
3577,Hagadur
3578,Ramagondanahalli
3579,Devarabeesanahalli
3580,Hemmigepura
3581,Konena Agrahara Ward
3582,Kadugodi
3583,Nallurahalli
3584,Pattanduru Agrahara
3585,Kaadubeesanahalli
3586,Varthur
3587,Nallurahalli
3588,Narayanapura
3589,Munekolala
3590,JP Nagar
3591,Chamarajpet
3592,Nallurahalli
3593,Hemmigepura
3594,Hagadur
3595,Bhoganahalli
3596,Hagadur
3597,Kadugodi
3598,Haralur
3599,Bellanduru
3600,Bommanahalli
3601,Ittamadu
3602,AGS Layout
3603,Kadugodi
3604,Sunkenahalli Ward
3605,Basavanagudi
3606,Bellanduru
3607,Kadugodi
3608,Basavanagudi
3609,Kadugodi
3610,Hagadur
3611,Others
3612,Kaadubeesanahalli
3613,Dodda Nekkundi
3614,Ramagondanahalli
3615,HAL Airport Ward
3616,Kundalahalli
3617,Hagadur
3618,Kaggadasapura
3619,Pantarapalya
3620,Maruthi Seva Nagar
3621,Kaadubeesanahalli
3622,Rajarajeshwari Nagar
3623,Varthur
3624,Varthur
3625,Bellanduru
3626,Varthur
3627,Dodda Nekkundi
3628,Jogupalya
3629,Narayanapura
3630,Bommanahalli
3631,Agaram
3632,Bellanduru
3633,Ambalipura
3634,Wilson Garden
3635,Varthur
3636,Varthur
3637,Ambalipura
3638,Nayandahalli Ward
3639,Bellanduru
3640,Dodda Nekkundi
3641,Dodda Nekkundi
3642,Bellanduru
3643,Dodda Nekkundi
3644,Malleshpalya
3645,Varthur
3646,Srinivasapura
3647,Haralur
3648,Dodda Nekkundi
3649,HSR Layout
3650,Kaadubeesanahalli
3651,Devarabeesanahalli
3652,Rajarajeshwari Nagar
3653,HSR Layout
3654,Sarakki
3655,Panathur
3656,Hagadur
3657,Lakkasandra
3658,Agaram
3659,BTM Layout
3660,Koramangala
3661,Subramanyapura
3662,Shanthala Nagar
3663,Hosakerehalli
3664,Ambalipura
3665,Jakkasandra
3666,Rajarajeshwari Nagar
3667,Kaggadasapura
3668,Dodda Nekkundi
3669,Garudachara Palya
3670,Basavanagudi
3671,Sitaramapalya
3672,Hoodi
3673,Hagadur
3674,GM Palya
3675,Dodda Nekkundi
3676,Garudachara Palya
3677,Rajarajeshwari Nagar
3678,C V Raman Nagar
3679,Hagadur
3680,Banashankari
3681,Kadugodi
3682,Hagadur
3683,Shanthi Nagar
3684,Kaadubeesanahalli
3685,Madiwala
3686,Hagadur
3687,GM Palya
3688,Kaadubeesanahalli
3689,Bellanduru
3690,Haralur
3691,Hagadur
3692,Kadugodi
3693,Kadugodi
3694,Banashankari
3695,AGS Layout
3696,Gurappanapalya Ward
3697,Kaadubeesanahalli
3698,Ambalipura
3699,Munekolala
3700,Srinivasapura
3701,Madiwala
3702,Bellanduru
3703,Malleshpalya
3704,Vignananagar
3705,Devarabeesanahalli
3706,Ambalipura
3707,Kaggadasapura
3708,Kaadubeesanahalli
3709,Ambalipura
3710,Kaggadasapura
3711,Marathahalli
3712,Hagadur
3713,Kaggadasapura
3714,Kumaraswamy Layout
3715,Bellanduru
3716,Pattanagere
3717,Kumaraswamy Layout
3718,Devarabeesanahalli
3719,Bilekahalli
3720,Hagadur
3721,Hosakerehalli
3722,Kadugodi
3723,Pattabhiram Nagar
3724,Hosa Tippasandra
3725,Kadugodi
3726,Varthur
3727,Puttenahalli
3728,Subramanyapura
3729,Jayanagar
3730,Varthur
3731,Dodda Nekkundi
3732,Basavanagudi
3733,Halasuru
3734,AGS Layout
3735,Konena Agrahara Ward
3736,Dodda Nekkundi
3737,Others
3738,Hagadur
3739,Bellanduru
3740,Bellanduru
3741,BTM Layout
3742,Udaya Nagar
3743,Hoodi
3744,Marathahalli
3745,Haralur
3746,Hagadur
3747,Bellanduru
3748,Sunkenahalli Ward
3749,Hagadur
3750,Varthur
3751,Ambalipura
3752,Narayanapura
3753,Vignananagar
3754,Thubarahalli
3755,Hoodi
3756,Hagadur
3757,HSR Layout
3758,Vignananagar
3759,Bommanahalli
3760,Dodda Nekkundi
3761,Hagadur
3762,Nallurahalli
3763,Rajarajeshwari Nagar
3764,Bellanduru
3765,Kadugodi
3766,Sitaramapalya
3767,Konena Agrahara Ward
3768,Hagadur
3769,Mangammanapalya
3770,Bellanduru
3771,Bellanduru
3772,Munekolala
3773,Chikkalasandra
3774,Thubarahalli
3775,Hagadur
3776,Garudachara Palya
3777,Hosakerehalli
3778,Hagadur
3779,Kamakshi Palya
3780,AECS Layout
3781,Lakkasandra
3782,C V Raman Nagar
3783,Varthur
3784,Kadugodi
3785,Malleshpalya
3786,Varthur
3787,Rajarajeshwari Nagar
3788,Hagadur
3789,Munekolala
3790,Vignananagar
3791,Ambalipura
3792,Srinivasapura
3793,Hemmigepura
3794,Hoodi
3795,Bellanduru
3796,Mangammanapalya
3797,Varthur
3798,HSR Layout
3799,Puttenahalli
3800,Bellanduru
3801,Bellanduru
3802,Ambalipura
3803,Kadugodi
3804,Vidyapeeta ward
3805,Dodda Nekkundi
3806,Bilekahalli
3807,Bellanduru
3808,Munekolala
3809,Suddagunte Palya Ward
3810,Hagadur
3811,Nallurahalli
3812,Domlur
3813,Dodda Nekkundi
3814,Hagadur
3815,Kadugodi
3816,Vasanthpura Ward
3817,Vignananagar
3818,Devarabeesanahalli
3819,Adugodi
3820,Kadugodi
3821,Ejipura
3822,Kaggadasapura
3823,Kadugodi
3824,Bhoganahalli
3825,Kaggadasapura
3826,Narayanapura
3827,Varthur
3828,Konena Agrahara Ward
3829,Sarakki
3830,Madiwala
3831,Brookefields
3832,GM Palya
3833,Malleswaram
3834,Nallurahalli
3835,Munekolala
3836,Rajarajeshwari Nagar
3837,Yelchenahalli Ward
3838,Nallurahalli
3839,Varthur
3840,Rajarajeshwari Nagar
3841,Thubarahalli
3842,Bommanahalli
3843,Munekolala
3844,Varthur
3845,Varthur
3846,Cox Town
3847,Bilekahalli
